
Note: No compatibility mode selected!


Circuit: ** sch_path: /foss/designs/sar_adc_ihp/xschem/sar_adc/testbench/tb_sar_adc_param.sch

Syntax error parsing breakpoint specification.
Doing analysis at TEMP = 27.000000 and TNOM = 27.000000

Using KLU as Direct Linear Solver
Note: Starting dynamic gmin stepping
Warning: Dynamic gmin stepping failed
Note: Starting true gmin stepping
Warning: True gmin stepping failed
Note: Starting source stepping
Note: Source stepping completed

Initial Transient Solution
--------------------------

Node                                   Voltage
----                                   -------
x1.x1.x2.net1                          1.79994
x1.x1.voutp_comp                      0.256193
vdd                                        1.8
x1.x1.voutp_buf                     1.9988e-07
x1.x1.x3.net1                          1.79994
x1.x1.voutn_comp                      0.256189
x1.x1.voutn_buf                     1.9988e-07
x1.comp_clk                        4.14242e-07
x1.x1.pulsen                               1.8
x1.x1.net3                             0.88402
x1.x1.net1                             0.88402
x1.x1.x4.x1.net1                       1.71942
x1.x1.x4.x1.net2                       1.14776
x1.x1.x4.x2.net1                       1.14776
x1.x1.x4.x2.net2                       1.71942
x1.x1.x6.ready                         1.30147
x1.x1.x6.vx_n                              1.8
x1.x1.x6.vx                        9.68059e-08
x1.x1.x6.net1                              1.8
x1.x1.x6.net5                          1.79999
x1.x1.x6.x46.net2                   0.00684207
x1.x1.x6.x46.net3                      1.79032
x1.x1.x6.vxs                          0.177336
x1.x1.net2                                 1.1
x1.x1.x6.net4                         0.966652
x1.x1.x6.net3                         0.966652
x1.x1.x6.net2                          1.28679
x1.x1.x6.x2.net4                   9.57577e-07
x1.x1.x6.x2.net2                   5.80726e-07
x1.net1                                    1.8
x1.x1.x1.vs                           0.940588
x1.x1.x1.vctail                       0.940588
x1.x1.x1.net1                          1.79999
x1.x1.x1.vcpn                          1.61685
x1.x1.x1.vcpp                          1.61685
x1.x1.x1.net2                          1.79999
compp                                 0.956304
compn                                 0.956304
x1.x1.x7.net1                         0.178486
compout                                1.79998
x1.x2.x14.x1.d_n                           1.8
x1.d0                               7.6233e-07
x1.x2.x14.net1                             0.9
x1.x2.x14.x1.net3                  2.72882e-07
x1.x2.x14.x1.net4                          1.8
x1.x2.x14.x1.x2.net3                       0.9
x1.x2.x14.x1.x2.net5                       1.8
x1.x2.x14.x1.x2.net4                       0.9
x1.x2.x14.x1.x2.net2                       0.9
x1.x2.x14.x1.x2.net6               5.36804e-07
x1.x2.x14.x1.x2.net1                       0.9
x1.x2.x14.x1.x2.net7                       1.8
x1.x2.x14.x1.x2.net8               5.36804e-07
x1.x2.x14.x1.net2                          1.8
x1.x2.x14.x1.net1                  5.36804e-07
x1.vcm                                     0.9
x1.x2.x14.x1.x1.net3                   0.92634
x1.x2.x14.x1.x1.net5               4.05033e-07
x1.x2.x14.x1.x1.net4                       0.9
x1.x2.x14.x1.x1.net2                   0.92634
x1.x2.x14.x1.x1.net6                       1.8
x1.x2.x14.x1.x1.net1                       0.9
x1.x2.x14.x1.x1.net7               4.05033e-07
x1.x2.x14.x1.x1.net8                       1.8
x1.x2.b_sample_n                   4.05033e-07
x1.x2.b_sample                             1.8
vinn                                   0.92634
x1.x2.x14.x1.net5                          1.8
d0                                         1.8
x1.x2.x14.x1.x23.net1                  1.57565
x1.x2.x14.x1.x46.net4                      1.8
x1.x2.x14.x1.net9                  2.30501e-07
x1.x2.x14.x1.x46.net2                0.0561878
x1.x2.x14.x1.net6                  3.29725e-07
x1.x2.x14.x1.x4.net1               3.67144e-07
x1.x2.x14.x1.x5.net1                       1.8
x1.x2.x14.x1.net7                          1.8
x1.x2.x14.x1.x3.net1                       1.8
x1.x2.x14.x1.x6.net2                       1.8
x1.x2.x14.x1.x6.net3                       1.8
x1.x2.x14.x1.net8                  3.29726e-07
x1.x2.x14.x1.x7.net1               3.67146e-07
x1.x2.x14.x1.x9.net1                       1.8
x1.x2.x14.x2.net3                     0.956304
x1.x2.x14.x2.net5                  2.08843e-07
x1.x2.x14.x2.net4                          0.9
x1.x2.x14.x2.net2                     0.956304
x1.x2.x14.x2.net6                          1.8
x1.x2.x14.x2.net1                          0.9
x1.x2.x14.x2.net7                  2.08843e-07
x1.x2.x14.x2.net8                          1.8
x1.x2.a_sample                     2.08843e-07
x1.x2.a_sample_n                           1.8
x1.x2.x14.xc1.1                            0.9
x1.x2.x18.x1.d_n                           1.8
x1.x2.x18.net1                             0.9
x1.x2.x18.x1.net1                  2.72882e-07
x1.x2.x18.x1.net2                          1.8
x1.x2.x18.x1.x1.net3                   0.87366
x1.x2.x18.x1.x1.net5               4.05033e-07
x1.x2.x18.x1.x1.net4                       0.9
x1.x2.x18.x1.x1.net2                   0.87366
x1.x2.x18.x1.x1.net6                       1.8
x1.x2.x18.x1.x1.net1                       0.9
x1.x2.x18.x1.x1.net7               4.05033e-07
x1.x2.x18.x1.x1.net8                       1.8
vinp                                   0.87366
x1.x2.x18.x1.net3                          1.8
x1.x2.x18.x1.net9                  2.43607e-07
x1.x2.x18.x1.x23.net1                0.0568987
x1.x2.x18.x1.x46.net4                      1.8
x1.x2.x18.x1.x46.net2                   1.5749
x1.x2.x18.x1.net4                  3.29725e-07
x1.x2.x18.x1.x4.net1               3.67144e-07
x1.x2.x18.x1.x5.net1                       1.8
x1.x2.x18.x1.x3.net3                       0.9
x1.x2.x18.x1.x3.net5                       1.8
x1.x2.x18.x1.x3.net4                       0.9
x1.x2.x18.x1.x3.net2                       0.9
x1.x2.x18.x1.x3.net6               5.36804e-07
x1.x2.x18.x1.x3.net1                       0.9
x1.x2.x18.x1.x3.net7                       1.8
x1.x2.x18.x1.x3.net8               5.36804e-07
x1.x2.x18.x1.net6                          1.8
x1.x2.x18.x1.net5                  5.36804e-07
x1.x2.x18.x1.net7                          1.8
x1.x2.x18.x1.x6.net1                       1.8
x1.x2.x18.x1.x7.net2                       1.8
x1.x2.x18.x1.x7.net3                       1.8
x1.x2.x18.x1.net8                  3.29726e-07
x1.x2.x18.x1.x9.net1               3.67146e-07
x1.x2.x18.x1.x10.net1                      1.8
x1.x2.x18.x2.net3                     0.956304
x1.x2.x18.x2.net5                  2.08843e-07
x1.x2.x18.x2.net4                          0.9
x1.x2.x18.x2.net2                     0.956304
x1.x2.x18.x2.net6                          1.8
x1.x2.x18.x2.net1                          0.9
x1.x2.x18.x2.net7                  2.08843e-07
x1.x2.x18.x2.net8                          1.8
x1.x2.x18.xc1.1                            0.9
x1.x2.x1.x1.d_n                            1.8
x1.d1                              4.73552e-07
x1.x2.x1.net1                              0.9
x1.x2.x1.x1.net3                   2.70276e-07
x1.x2.x1.x1.net4                           1.8
x1.x2.x1.x1.x2.net3                        0.9
x1.x2.x1.x1.x2.net5                        1.8
x1.x2.x1.x1.x2.net4                        0.9
x1.x2.x1.x1.x2.net2                        0.9
x1.x2.x1.x1.x2.net6                4.02238e-07
x1.x2.x1.x1.x2.net1                        0.9
x1.x2.x1.x1.x2.net7                        1.8
x1.x2.x1.x1.x2.net8                4.02238e-07
x1.x2.x1.x1.net2                           1.8
x1.x2.x1.x1.net1                   4.02238e-07
x1.x2.x1.x1.x1.net3                    0.92634
x1.x2.x1.x1.x1.net5                4.05033e-07
x1.x2.x1.x1.x1.net4                        0.9
x1.x2.x1.x1.x1.net2                    0.92634
x1.x2.x1.x1.x1.net6                        1.8
x1.x2.x1.x1.x1.net1                        0.9
x1.x2.x1.x1.x1.net7                4.05033e-07
x1.x2.x1.x1.x1.net8                        1.8
x1.x2.x1.x1.net5                           1.8
d1                                         1.8
x1.x2.x1.x1.x23.net1                   1.57565
x1.x2.x1.x1.x46.net4                       1.8
x1.x2.x1.x1.net9                   2.30501e-07
x1.x2.x1.x1.x46.net2                  0.056188
x1.x2.x1.x1.net6                   3.29725e-07
x1.x2.x1.x1.x4.net1                3.67144e-07
x1.x2.x1.x1.x5.net1                        1.8
x1.x2.x1.x1.net7                           1.8
x1.x2.x1.x1.x3.net1                        1.8
x1.x2.x1.x1.x6.net2                        1.8
x1.x2.x1.x1.x6.net3                        1.8
x1.x2.x1.x1.net8                   3.29726e-07
x1.x2.x1.x1.x7.net1                3.67146e-07
x1.x2.x1.x1.x9.net1                        1.8
x1.x2.x1.x2.net3                      0.956304
x1.x2.x1.x2.net5                   2.08843e-07
x1.x2.x1.x2.net4                           0.9
x1.x2.x1.x2.net2                      0.956304
x1.x2.x1.x2.net6                           1.8
x1.x2.x1.x2.net1                           0.9
x1.x2.x1.x2.net7                   2.08843e-07
x1.x2.x1.x2.net8                           1.8
x1.x2.x1.xc1.1                             0.9
x1.x2.x2.x1.d_n                            1.8
x1.d2                              3.29163e-07
x1.x2.x2.net1                              0.9
x1.x2.x2.x1.net3                   2.68973e-07
x1.x2.x2.x1.net4                           1.8
x1.x2.x2.x1.x2.net3                        0.9
x1.x2.x2.x1.x2.net5                        1.8
x1.x2.x2.x1.x2.net4                        0.9
x1.x2.x2.x1.x2.net2                        0.9
x1.x2.x2.x1.x2.net6                3.34954e-07
x1.x2.x2.x1.x2.net1                        0.9
x1.x2.x2.x1.x2.net7                        1.8
x1.x2.x2.x1.x2.net8                3.34954e-07
x1.x2.x2.x1.net2                           1.8
x1.x2.x2.x1.net1                   3.34954e-07
x1.x2.x2.x1.x1.net3                    0.92634
x1.x2.x2.x1.x1.net5                4.05033e-07
x1.x2.x2.x1.x1.net4                        0.9
x1.x2.x2.x1.x1.net2                    0.92634
x1.x2.x2.x1.x1.net6                        1.8
x1.x2.x2.x1.x1.net1                        0.9
x1.x2.x2.x1.x1.net7                4.05033e-07
x1.x2.x2.x1.x1.net8                        1.8
x1.x2.x2.x1.net5                           1.8
d2                                         1.8
x1.x2.x2.x1.x23.net1                   1.57565
x1.x2.x2.x1.x46.net4                       1.8
x1.x2.x2.x1.net9                   2.30501e-07
x1.x2.x2.x1.x46.net2                 0.0561881
x1.x2.x2.x1.net6                   3.29725e-07
x1.x2.x2.x1.x4.net1                3.67144e-07
x1.x2.x2.x1.x5.net1                        1.8
x1.x2.x2.x1.net7                           1.8
x1.x2.x2.x1.x3.net1                        1.8
x1.x2.x2.x1.x6.net2                        1.8
x1.x2.x2.x1.x6.net3                        1.8
x1.x2.x2.x1.net8                   3.29726e-07
x1.x2.x2.x1.x7.net1                3.67146e-07
x1.x2.x2.x1.x9.net1                        1.8
x1.x2.x2.x2.net3                      0.956304
x1.x2.x2.x2.net5                   2.08843e-07
x1.x2.x2.x2.net4                           0.9
x1.x2.x2.x2.net2                      0.956304
x1.x2.x2.x2.net6                           1.8
x1.x2.x2.x2.net1                           0.9
x1.x2.x2.x2.net7                   2.08843e-07
x1.x2.x2.x2.net8                           1.8
x1.x2.x2.xc1.1                             0.9
x1.x2.x3.x1.d_n                            1.8
x1.d3                              2.56969e-07
x1.x2.x3.net1                              0.9
x1.x2.x3.x1.net3                   2.68322e-07
x1.x2.x3.x1.net4                           1.8
x1.x2.x3.x1.x2.net3                        0.9
x1.x2.x3.x1.x2.net5                        1.8
x1.x2.x3.x1.x2.net4                        0.9
x1.x2.x3.x1.x2.net2                        0.9
x1.x2.x3.x1.x2.net6                3.01312e-07
x1.x2.x3.x1.x2.net1                        0.9
x1.x2.x3.x1.x2.net7                        1.8
x1.x2.x3.x1.x2.net8                3.01312e-07
x1.x2.x3.x1.net2                           1.8
x1.x2.x3.x1.net1                   3.01312e-07
x1.x2.x3.x1.x1.net3                    0.92634
x1.x2.x3.x1.x1.net5                4.05033e-07
x1.x2.x3.x1.x1.net4                        0.9
x1.x2.x3.x1.x1.net2                    0.92634
x1.x2.x3.x1.x1.net6                        1.8
x1.x2.x3.x1.x1.net1                        0.9
x1.x2.x3.x1.x1.net7                4.05033e-07
x1.x2.x3.x1.x1.net8                        1.8
x1.x2.x3.x1.net5                           1.8
d3                                         1.8
x1.x2.x3.x1.x23.net1                   1.57565
x1.x2.x3.x1.x46.net4                       1.8
x1.x2.x3.x1.net9                   2.30501e-07
x1.x2.x3.x1.x46.net2                 0.0561881
x1.x2.x3.x1.net6                   3.29725e-07
x1.x2.x3.x1.x4.net1                3.67144e-07
x1.x2.x3.x1.x5.net1                        1.8
x1.x2.x3.x1.net7                           1.8
x1.x2.x3.x1.x3.net1                        1.8
x1.x2.x3.x1.x6.net2                        1.8
x1.x2.x3.x1.x6.net3                        1.8
x1.x2.x3.x1.net8                   3.29726e-07
x1.x2.x3.x1.x7.net1                3.67146e-07
x1.x2.x3.x1.x9.net1                        1.8
x1.x2.x3.x2.net3                      0.956304
x1.x2.x3.x2.net5                   2.08843e-07
x1.x2.x3.x2.net4                           0.9
x1.x2.x3.x2.net2                      0.956304
x1.x2.x3.x2.net6                           1.8
x1.x2.x3.x2.net1                           0.9
x1.x2.x3.x2.net7                   2.08843e-07
x1.x2.x3.x2.net8                           1.8
x1.x2.x3.xc1.1                             0.9
x1.x2.x4.x1.d_n                            1.8
x1.d4                              2.20871e-07
x1.x2.x4.net1                              0.9
x1.x2.x4.x1.net3                   2.67996e-07
x1.x2.x4.x1.net4                           1.8
x1.x2.x4.x1.x2.net3                        0.9
x1.x2.x4.x1.x2.net5                        1.8
x1.x2.x4.x1.x2.net4                        0.9
x1.x2.x4.x1.x2.net2                        0.9
x1.x2.x4.x1.x2.net6                2.84492e-07
x1.x2.x4.x1.x2.net1                        0.9
x1.x2.x4.x1.x2.net7                        1.8
x1.x2.x4.x1.x2.net8                2.84492e-07
x1.x2.x4.x1.net2                           1.8
x1.x2.x4.x1.net1                   2.84492e-07
x1.x2.x4.x1.x1.net3                    0.92634
x1.x2.x4.x1.x1.net5                4.05033e-07
x1.x2.x4.x1.x1.net4                        0.9
x1.x2.x4.x1.x1.net2                    0.92634
x1.x2.x4.x1.x1.net6                        1.8
x1.x2.x4.x1.x1.net1                        0.9
x1.x2.x4.x1.x1.net7                4.05033e-07
x1.x2.x4.x1.x1.net8                        1.8
x1.x2.x4.x1.net5                           1.8
d4                                         1.8
x1.x2.x4.x1.x23.net1                   1.57565
x1.x2.x4.x1.x46.net4                       1.8
x1.x2.x4.x1.net9                   2.30501e-07
x1.x2.x4.x1.x46.net2                 0.0561882
x1.x2.x4.x1.net6                   3.29725e-07
x1.x2.x4.x1.x4.net1                3.67144e-07
x1.x2.x4.x1.x5.net1                        1.8
x1.x2.x4.x1.net7                           1.8
x1.x2.x4.x1.x3.net1                        1.8
x1.x2.x4.x1.x6.net2                        1.8
x1.x2.x4.x1.x6.net3                        1.8
x1.x2.x4.x1.net8                   3.29726e-07
x1.x2.x4.x1.x7.net1                3.67146e-07
x1.x2.x4.x1.x9.net1                        1.8
x1.x2.x4.x2.net3                      0.956304
x1.x2.x4.x2.net5                   2.08843e-07
x1.x2.x4.x2.net4                           0.9
x1.x2.x4.x2.net2                      0.956304
x1.x2.x4.x2.net6                           1.8
x1.x2.x4.x2.net1                           0.9
x1.x2.x4.x2.net7                   2.08843e-07
x1.x2.x4.x2.net8                           1.8
x1.x2.x4.xc1.1                             0.9
x1.x2.x5.x1.d_n                            1.8
x1.d5                              2.02823e-07
x1.x2.x5.net1                              0.9
x1.x2.x5.x1.net3                   2.67833e-07
x1.x2.x5.x1.net4                           1.8
x1.x2.x5.x1.x2.net3                        0.9
x1.x2.x5.x1.x2.net5                        1.8
x1.x2.x5.x1.x2.net4                        0.9
x1.x2.x5.x1.x2.net2                        0.9
x1.x2.x5.x1.x2.net6                2.76081e-07
x1.x2.x5.x1.x2.net1                        0.9
x1.x2.x5.x1.x2.net7                        1.8
x1.x2.x5.x1.x2.net8                2.76081e-07
x1.x2.x5.x1.net2                           1.8
x1.x2.x5.x1.net1                   2.76081e-07
x1.x2.x5.x1.x1.net3                    0.92634
x1.x2.x5.x1.x1.net5                4.05033e-07
x1.x2.x5.x1.x1.net4                        0.9
x1.x2.x5.x1.x1.net2                    0.92634
x1.x2.x5.x1.x1.net6                        1.8
x1.x2.x5.x1.x1.net1                        0.9
x1.x2.x5.x1.x1.net7                4.05033e-07
x1.x2.x5.x1.x1.net8                        1.8
x1.x2.x5.x1.net5                           1.8
d5                                         1.8
x1.x2.x5.x1.x23.net1                   1.57565
x1.x2.x5.x1.x46.net4                       1.8
x1.x2.x5.x1.net9                   2.30501e-07
x1.x2.x5.x1.x46.net2                 0.0561882
x1.x2.x5.x1.net6                   3.29725e-07
x1.x2.x5.x1.x4.net1                3.67144e-07
x1.x2.x5.x1.x5.net1                        1.8
x1.x2.x5.x1.net7                           1.8
x1.x2.x5.x1.x3.net1                        1.8
x1.x2.x5.x1.x6.net2                        1.8
x1.x2.x5.x1.x6.net3                        1.8
x1.x2.x5.x1.net8                   3.29726e-07
x1.x2.x5.x1.x7.net1                3.67146e-07
x1.x2.x5.x1.x9.net1                        1.8
x1.x2.x5.x2.net3                      0.956304
x1.x2.x5.x2.net5                   2.08843e-07
x1.x2.x5.x2.net4                           0.9
x1.x2.x5.x2.net2                      0.956304
x1.x2.x5.x2.net6                           1.8
x1.x2.x5.x2.net1                           0.9
x1.x2.x5.x2.net7                   2.08843e-07
x1.x2.x5.x2.net8                           1.8
x1.x2.x5.xc1.1                             0.9
x1.x2.x6.x1.d_n                            1.8
x1.d6                               7.6233e-07
x1.x2.x6.net1                              0.9
x1.x2.x6.x1.net3                   2.72882e-07
x1.x2.x6.x1.net4                           1.8
x1.x2.x6.x1.x2.net3                        0.9
x1.x2.x6.x1.x2.net5                        1.8
x1.x2.x6.x1.x2.net4                        0.9
x1.x2.x6.x1.x2.net2                        0.9
x1.x2.x6.x1.x2.net6                5.36804e-07
x1.x2.x6.x1.x2.net1                        0.9
x1.x2.x6.x1.x2.net7                        1.8
x1.x2.x6.x1.x2.net8                5.36804e-07
x1.x2.x6.x1.net2                           1.8
x1.x2.x6.x1.net1                   5.36804e-07
x1.x2.x6.x1.x1.net3                    0.92634
x1.x2.x6.x1.x1.net5                4.05033e-07
x1.x2.x6.x1.x1.net4                        0.9
x1.x2.x6.x1.x1.net2                    0.92634
x1.x2.x6.x1.x1.net6                        1.8
x1.x2.x6.x1.x1.net1                        0.9
x1.x2.x6.x1.x1.net7                4.05033e-07
x1.x2.x6.x1.x1.net8                        1.8
x1.x2.x6.x1.net5                           1.8
d6                                         1.8
x1.x2.x6.x1.x23.net1                   1.57565
x1.x2.x6.x1.x46.net4                       1.8
x1.x2.x6.x1.net9                   2.30501e-07
x1.x2.x6.x1.x46.net2                 0.0561878
x1.x2.x6.x1.net6                   3.29725e-07
x1.x2.x6.x1.x4.net1                3.67144e-07
x1.x2.x6.x1.x5.net1                        1.8
x1.x2.x6.x1.net7                           1.8
x1.x2.x6.x1.x3.net1                        1.8
x1.x2.x6.x1.x6.net2                        1.8
x1.x2.x6.x1.x6.net3                        1.8
x1.x2.x6.x1.net8                   3.29726e-07
x1.x2.x6.x1.x7.net1                3.67146e-07
x1.x2.x6.x1.x9.net1                        1.8
x1.x2.x6.x2.net3                      0.952151
x1.x2.x6.x2.net5                   2.08843e-07
x1.x2.x6.x2.net4                           0.9
x1.x2.x6.x2.net2                      0.952151
x1.x2.x6.x2.net6                           1.8
x1.x2.x6.x2.net1                           0.9
x1.x2.x6.x2.net7                   2.08843e-07
x1.x2.x6.x2.net8                           1.8
x1.x2.vdacp2                          0.952151
x1.x2.x6.xc1.1                             0.9
x1.x2.x7.x1.d_n                            1.8
x1.d7                              4.73552e-07
x1.x2.x7.net1                              0.9
x1.x2.x7.x1.net3                   2.70276e-07
x1.x2.x7.x1.net4                           1.8
x1.x2.x7.x1.x2.net3                        0.9
x1.x2.x7.x1.x2.net5                        1.8
x1.x2.x7.x1.x2.net4                        0.9
x1.x2.x7.x1.x2.net2                        0.9
x1.x2.x7.x1.x2.net6                4.02238e-07
x1.x2.x7.x1.x2.net1                        0.9
x1.x2.x7.x1.x2.net7                        1.8
x1.x2.x7.x1.x2.net8                4.02238e-07
x1.x2.x7.x1.net2                           1.8
x1.x2.x7.x1.net1                   4.02238e-07
x1.x2.x7.x1.x1.net3                    0.92634
x1.x2.x7.x1.x1.net5                4.05033e-07
x1.x2.x7.x1.x1.net4                        0.9
x1.x2.x7.x1.x1.net2                    0.92634
x1.x2.x7.x1.x1.net6                        1.8
x1.x2.x7.x1.x1.net1                        0.9
x1.x2.x7.x1.x1.net7                4.05033e-07
x1.x2.x7.x1.x1.net8                        1.8
x1.x2.x7.x1.net5                           1.8
d7                                         1.8
x1.x2.x7.x1.x23.net1                   1.57565
x1.x2.x7.x1.x46.net4                       1.8
x1.x2.x7.x1.net9                   2.30501e-07
x1.x2.x7.x1.x46.net2                  0.056188
x1.x2.x7.x1.net6                   3.29725e-07
x1.x2.x7.x1.x4.net1                3.67144e-07
x1.x2.x7.x1.x5.net1                        1.8
x1.x2.x7.x1.net7                           1.8
x1.x2.x7.x1.x3.net1                        1.8
x1.x2.x7.x1.x6.net2                        1.8
x1.x2.x7.x1.x6.net3                        1.8
x1.x2.x7.x1.net8                   3.29726e-07
x1.x2.x7.x1.x7.net1                3.67146e-07
x1.x2.x7.x1.x9.net1                        1.8
x1.x2.x7.x2.net3                      0.952151
x1.x2.x7.x2.net5                   2.08843e-07
x1.x2.x7.x2.net4                           0.9
x1.x2.x7.x2.net2                      0.952151
x1.x2.x7.x2.net6                           1.8
x1.x2.x7.x2.net1                           0.9
x1.x2.x7.x2.net7                   2.08843e-07
x1.x2.x7.x2.net8                           1.8
x1.x2.x7.xc1.1                             0.9
x1.x2.x8.x1.d_n                            1.8
x1.d8                              3.29163e-07
x1.x2.x8.net1                              0.9
x1.x2.x8.x1.net3                   2.68973e-07
x1.x2.x8.x1.net4                           1.8
x1.x2.x8.x1.x2.net3                        0.9
x1.x2.x8.x1.x2.net5                        1.8
x1.x2.x8.x1.x2.net4                        0.9
x1.x2.x8.x1.x2.net2                        0.9
x1.x2.x8.x1.x2.net6                3.34954e-07
x1.x2.x8.x1.x2.net1                        0.9
x1.x2.x8.x1.x2.net7                        1.8
x1.x2.x8.x1.x2.net8                3.34954e-07
x1.x2.x8.x1.net2                           1.8
x1.x2.x8.x1.net1                   3.34954e-07
x1.x2.x8.x1.x1.net3                    0.92634
x1.x2.x8.x1.x1.net5                4.05033e-07
x1.x2.x8.x1.x1.net4                        0.9
x1.x2.x8.x1.x1.net2                    0.92634
x1.x2.x8.x1.x1.net6                        1.8
x1.x2.x8.x1.x1.net1                        0.9
x1.x2.x8.x1.x1.net7                4.05033e-07
x1.x2.x8.x1.x1.net8                        1.8
x1.x2.x8.x1.net5                           1.8
d8                                         1.8
x1.x2.x8.x1.x23.net1                   1.57565
x1.x2.x8.x1.x46.net4                       1.8
x1.x2.x8.x1.net9                   2.30501e-07
x1.x2.x8.x1.x46.net2                 0.0561881
x1.x2.x8.x1.net6                   3.29725e-07
x1.x2.x8.x1.x4.net1                3.67144e-07
x1.x2.x8.x1.x5.net1                        1.8
x1.x2.x8.x1.net7                           1.8
x1.x2.x8.x1.x3.net1                        1.8
x1.x2.x8.x1.x6.net2                        1.8
x1.x2.x8.x1.x6.net3                        1.8
x1.x2.x8.x1.net8                   3.29726e-07
x1.x2.x8.x1.x7.net1                3.67146e-07
x1.x2.x8.x1.x9.net1                        1.8
x1.x2.x8.x2.net3                      0.952151
x1.x2.x8.x2.net5                   2.08843e-07
x1.x2.x8.x2.net4                           0.9
x1.x2.x8.x2.net2                      0.952151
x1.x2.x8.x2.net6                           1.8
x1.x2.x8.x2.net1                           0.9
x1.x2.x8.x2.net7                   2.08843e-07
x1.x2.x8.x2.net8                           1.8
x1.x2.x8.xc1.1                             0.9
x1.x2.x9.x1.d_n                            1.8
x1.d9                              2.56969e-07
x1.x2.x9.net1                              0.9
x1.x2.x9.x1.net3                   2.68322e-07
x1.x2.x9.x1.net4                           1.8
x1.x2.x9.x1.x2.net3                        0.9
x1.x2.x9.x1.x2.net5                        1.8
x1.x2.x9.x1.x2.net4                        0.9
x1.x2.x9.x1.x2.net2                        0.9
x1.x2.x9.x1.x2.net6                3.01312e-07
x1.x2.x9.x1.x2.net1                        0.9
x1.x2.x9.x1.x2.net7                        1.8
x1.x2.x9.x1.x2.net8                3.01312e-07
x1.x2.x9.x1.net2                           1.8
x1.x2.x9.x1.net1                   3.01312e-07
x1.x2.x9.x1.x1.net3                    0.92634
x1.x2.x9.x1.x1.net5                4.05033e-07
x1.x2.x9.x1.x1.net4                        0.9
x1.x2.x9.x1.x1.net2                    0.92634
x1.x2.x9.x1.x1.net6                        1.8
x1.x2.x9.x1.x1.net1                        0.9
x1.x2.x9.x1.x1.net7                4.05033e-07
x1.x2.x9.x1.x1.net8                        1.8
x1.x2.x9.x1.net5                           1.8
d9                                         1.8
x1.x2.x9.x1.x23.net1                   1.57565
x1.x2.x9.x1.x46.net4                       1.8
x1.x2.x9.x1.net9                   2.30501e-07
x1.x2.x9.x1.x46.net2                 0.0561881
x1.x2.x9.x1.net6                   3.29725e-07
x1.x2.x9.x1.x4.net1                3.67144e-07
x1.x2.x9.x1.x5.net1                        1.8
x1.x2.x9.x1.net7                           1.8
x1.x2.x9.x1.x3.net1                        1.8
x1.x2.x9.x1.x6.net2                        1.8
x1.x2.x9.x1.x6.net3                        1.8
x1.x2.x9.x1.net8                   3.29726e-07
x1.x2.x9.x1.x7.net1                3.67146e-07
x1.x2.x9.x1.x9.net1                        1.8
x1.x2.x9.x2.net3                      0.952151
x1.x2.x9.x2.net5                   2.08843e-07
x1.x2.x9.x2.net4                           0.9
x1.x2.x9.x2.net2                      0.952151
x1.x2.x9.x2.net6                           1.8
x1.x2.x9.x2.net1                           0.9
x1.x2.x9.x2.net7                   2.08843e-07
x1.x2.x9.x2.net8                           1.8
x1.x2.x9.xc1.1                             0.9
x1.x2.x11.x1.d_n                           1.8
x1.d10                             2.20871e-07
x1.x2.x11.net1                             0.9
x1.x2.x11.x1.net3                  2.67996e-07
x1.x2.x11.x1.net4                          1.8
x1.x2.x11.x1.x2.net3                       0.9
x1.x2.x11.x1.x2.net5                       1.8
x1.x2.x11.x1.x2.net4                       0.9
x1.x2.x11.x1.x2.net2                       0.9
x1.x2.x11.x1.x2.net6               2.84492e-07
x1.x2.x11.x1.x2.net1                       0.9
x1.x2.x11.x1.x2.net7                       1.8
x1.x2.x11.x1.x2.net8               2.84492e-07
x1.x2.x11.x1.net2                          1.8
x1.x2.x11.x1.net1                  2.84492e-07
x1.x2.x11.x1.x1.net3                   0.92634
x1.x2.x11.x1.x1.net5               4.05033e-07
x1.x2.x11.x1.x1.net4                       0.9
x1.x2.x11.x1.x1.net2                   0.92634
x1.x2.x11.x1.x1.net6                       1.8
x1.x2.x11.x1.x1.net1                       0.9
x1.x2.x11.x1.x1.net7               4.05033e-07
x1.x2.x11.x1.x1.net8                       1.8
x1.x2.x11.x1.net5                          1.8
d10                                        1.8
x1.x2.x11.x1.x23.net1                  1.57565
x1.x2.x11.x1.x46.net4                      1.8
x1.x2.x11.x1.net9                  2.30501e-07
x1.x2.x11.x1.x46.net2                0.0561882
x1.x2.x11.x1.net6                  3.29725e-07
x1.x2.x11.x1.x4.net1               3.67144e-07
x1.x2.x11.x1.x5.net1                       1.8
x1.x2.x11.x1.net7                          1.8
x1.x2.x11.x1.x3.net1                       1.8
x1.x2.x11.x1.x6.net2                       1.8
x1.x2.x11.x1.x6.net3                       1.8
x1.x2.x11.x1.net8                  3.29726e-07
x1.x2.x11.x1.x7.net1               3.67146e-07
x1.x2.x11.x1.x9.net1                       1.8
x1.x2.x11.x2.net3                     0.952151
x1.x2.x11.x2.net5                  2.08843e-07
x1.x2.x11.x2.net4                          0.9
x1.x2.x11.x2.net2                     0.952151
x1.x2.x11.x2.net6                          1.8
x1.x2.x11.x2.net1                          0.9
x1.x2.x11.x2.net7                  2.08843e-07
x1.x2.x11.x2.net8                          1.8
x1.x2.x11.xc1.1                            0.9
x1.x2.x12.x1.d_n                           1.8
x1.d11                             2.02823e-07
x1.x2.x12.net1                             0.9
x1.x2.x12.x1.net3                  2.67833e-07
x1.x2.x12.x1.net4                          1.8
x1.x2.x12.x1.x2.net3                       0.9
x1.x2.x12.x1.x2.net5                       1.8
x1.x2.x12.x1.x2.net4                       0.9
x1.x2.x12.x1.x2.net2                       0.9
x1.x2.x12.x1.x2.net6               2.76081e-07
x1.x2.x12.x1.x2.net1                       0.9
x1.x2.x12.x1.x2.net7                       1.8
x1.x2.x12.x1.x2.net8               2.76081e-07
x1.x2.x12.x1.net2                          1.8
x1.x2.x12.x1.net1                  2.76081e-07
x1.x2.x12.x1.x1.net3                   0.92634
x1.x2.x12.x1.x1.net5               4.05033e-07
x1.x2.x12.x1.x1.net4                       0.9
x1.x2.x12.x1.x1.net2                   0.92634
x1.x2.x12.x1.x1.net6                       1.8
x1.x2.x12.x1.x1.net1                       0.9
x1.x2.x12.x1.x1.net7               4.05033e-07
x1.x2.x12.x1.x1.net8                       1.8
x1.x2.x12.x1.net5                          1.8
d11                                        1.8
x1.x2.x12.x1.x23.net1                  1.57565
x1.x2.x12.x1.x46.net4                      1.8
x1.x2.x12.x1.net9                  2.30501e-07
x1.x2.x12.x1.x46.net2                0.0561882
x1.x2.x12.x1.net6                  3.29725e-07
x1.x2.x12.x1.x4.net1               3.67144e-07
x1.x2.x12.x1.x5.net1                       1.8
x1.x2.x12.x1.net7                          1.8
x1.x2.x12.x1.x3.net1                       1.8
x1.x2.x12.x1.x6.net2                       1.8
x1.x2.x12.x1.x6.net3                       1.8
x1.x2.x12.x1.net8                  3.29726e-07
x1.x2.x12.x1.x7.net1               3.67146e-07
x1.x2.x12.x1.x9.net1                       1.8
x1.x2.x12.x2.net3                     0.952151
x1.x2.x12.x2.net5                  2.08843e-07
x1.x2.x12.x2.net4                          0.9
x1.x2.x12.x2.net2                     0.952151
x1.x2.x12.x2.net6                          1.8
x1.x2.x12.x2.net1                          0.9
x1.x2.x12.x2.net7                  2.08843e-07
x1.x2.x12.x2.net8                          1.8
x1.x2.x12.xc1.1                            0.9
x1.x2.x13.x1.d_n                           1.8
x1.x2.x13.net1                             0.9
x1.x2.x13.x1.net1                  2.70276e-07
x1.x2.x13.x1.net2                          1.8
x1.x2.x13.x1.x1.net3                   0.87366
x1.x2.x13.x1.x1.net5               4.05033e-07
x1.x2.x13.x1.x1.net4                       0.9
x1.x2.x13.x1.x1.net2                   0.87366
x1.x2.x13.x1.x1.net6                       1.8
x1.x2.x13.x1.x1.net1                       0.9
x1.x2.x13.x1.x1.net7               4.05033e-07
x1.x2.x13.x1.x1.net8                       1.8
x1.x2.x13.x1.net3                          1.8
x1.x2.x13.x1.net9                  2.43607e-07
x1.x2.x13.x1.x23.net1                0.0568989
x1.x2.x13.x1.x46.net4                      1.8
x1.x2.x13.x1.x46.net2                   1.5749
x1.x2.x13.x1.net4                  3.29725e-07
x1.x2.x13.x1.x4.net1               3.67144e-07
x1.x2.x13.x1.x5.net1                       1.8
x1.x2.x13.x1.x3.net3                       0.9
x1.x2.x13.x1.x3.net5                       1.8
x1.x2.x13.x1.x3.net4                       0.9
x1.x2.x13.x1.x3.net2                       0.9
x1.x2.x13.x1.x3.net6               4.02238e-07
x1.x2.x13.x1.x3.net1                       0.9
x1.x2.x13.x1.x3.net7                       1.8
x1.x2.x13.x1.x3.net8               4.02238e-07
x1.x2.x13.x1.net6                          1.8
x1.x2.x13.x1.net5                  4.02238e-07
x1.x2.x13.x1.net7                          1.8
x1.x2.x13.x1.x6.net1                       1.8
x1.x2.x13.x1.x7.net2                       1.8
x1.x2.x13.x1.x7.net3                       1.8
x1.x2.x13.x1.net8                  3.29726e-07
x1.x2.x13.x1.x9.net1               3.67146e-07
x1.x2.x13.x1.x10.net1                      1.8
x1.x2.x13.x2.net3                     0.956304
x1.x2.x13.x2.net5                  2.08843e-07
x1.x2.x13.x2.net4                          0.9
x1.x2.x13.x2.net2                     0.956304
x1.x2.x13.x2.net6                          1.8
x1.x2.x13.x2.net1                          0.9
x1.x2.x13.x2.net7                  2.08843e-07
x1.x2.x13.x2.net8                          1.8
x1.x2.x13.xc1.1                            0.9
x1.x2.x15.x1.d_n                           1.8
x1.x2.x15.net1                             0.9
x1.x2.x15.x1.net1                  2.68973e-07
x1.x2.x15.x1.net2                          1.8
x1.x2.x15.x1.x1.net3                   0.87366
x1.x2.x15.x1.x1.net5               4.05033e-07
x1.x2.x15.x1.x1.net4                       0.9
x1.x2.x15.x1.x1.net2                   0.87366
x1.x2.x15.x1.x1.net6                       1.8
x1.x2.x15.x1.x1.net1                       0.9
x1.x2.x15.x1.x1.net7               4.05033e-07
x1.x2.x15.x1.x1.net8                       1.8
x1.x2.x15.x1.net3                          1.8
x1.x2.x15.x1.net9                  2.43607e-07
x1.x2.x15.x1.x23.net1                 0.056899
x1.x2.x15.x1.x46.net4                      1.8
x1.x2.x15.x1.x46.net2                   1.5749
x1.x2.x15.x1.net4                  3.29725e-07
x1.x2.x15.x1.x4.net1               3.67144e-07
x1.x2.x15.x1.x5.net1                       1.8
x1.x2.x15.x1.x3.net3                       0.9
x1.x2.x15.x1.x3.net5                       1.8
x1.x2.x15.x1.x3.net4                       0.9
x1.x2.x15.x1.x3.net2                       0.9
x1.x2.x15.x1.x3.net6               3.34954e-07
x1.x2.x15.x1.x3.net1                       0.9
x1.x2.x15.x1.x3.net7                       1.8
x1.x2.x15.x1.x3.net8               3.34954e-07
x1.x2.x15.x1.net6                          1.8
x1.x2.x15.x1.net5                  3.34954e-07
x1.x2.x15.x1.net7                          1.8
x1.x2.x15.x1.x6.net1                       1.8
x1.x2.x15.x1.x7.net2                       1.8
x1.x2.x15.x1.x7.net3                       1.8
x1.x2.x15.x1.net8                  3.29726e-07
x1.x2.x15.x1.x9.net1               3.67146e-07
x1.x2.x15.x1.x10.net1                      1.8
x1.x2.x15.x2.net3                     0.956304
x1.x2.x15.x2.net5                  2.08843e-07
x1.x2.x15.x2.net4                          0.9
x1.x2.x15.x2.net2                     0.956304
x1.x2.x15.x2.net6                          1.8
x1.x2.x15.x2.net1                          0.9
x1.x2.x15.x2.net7                  2.08843e-07
x1.x2.x15.x2.net8                          1.8
x1.x2.x15.xc1.1                            0.9
x1.x2.x16.x1.d_n                           1.8
x1.x2.x16.net1                             0.9
x1.x2.x16.x1.net1                  2.68322e-07
x1.x2.x16.x1.net2                          1.8
x1.x2.x16.x1.x1.net3                   0.87366
x1.x2.x16.x1.x1.net5               4.05033e-07
x1.x2.x16.x1.x1.net4                       0.9
x1.x2.x16.x1.x1.net2                   0.87366
x1.x2.x16.x1.x1.net6                       1.8
x1.x2.x16.x1.x1.net1                       0.9
x1.x2.x16.x1.x1.net7               4.05033e-07
x1.x2.x16.x1.x1.net8                       1.8
x1.x2.x16.x1.net3                          1.8
x1.x2.x16.x1.net9                  2.43607e-07
x1.x2.x16.x1.x23.net1                 0.056899
x1.x2.x16.x1.x46.net4                      1.8
x1.x2.x16.x1.x46.net2                   1.5749
x1.x2.x16.x1.net4                  3.29725e-07
x1.x2.x16.x1.x4.net1               3.67144e-07
x1.x2.x16.x1.x5.net1                       1.8
x1.x2.x16.x1.x3.net3                       0.9
x1.x2.x16.x1.x3.net5                       1.8
x1.x2.x16.x1.x3.net4                       0.9
x1.x2.x16.x1.x3.net2                       0.9
x1.x2.x16.x1.x3.net6               3.01312e-07
x1.x2.x16.x1.x3.net1                       0.9
x1.x2.x16.x1.x3.net7                       1.8
x1.x2.x16.x1.x3.net8               3.01312e-07
x1.x2.x16.x1.net6                          1.8
x1.x2.x16.x1.net5                  3.01312e-07
x1.x2.x16.x1.net7                          1.8
x1.x2.x16.x1.x6.net1                       1.8
x1.x2.x16.x1.x7.net2                       1.8
x1.x2.x16.x1.x7.net3                       1.8
x1.x2.x16.x1.net8                  3.29726e-07
x1.x2.x16.x1.x9.net1               3.67146e-07
x1.x2.x16.x1.x10.net1                      1.8
x1.x2.x16.x2.net3                     0.956304
x1.x2.x16.x2.net5                  2.08843e-07
x1.x2.x16.x2.net4                          0.9
x1.x2.x16.x2.net2                     0.956304
x1.x2.x16.x2.net6                          1.8
x1.x2.x16.x2.net1                          0.9
x1.x2.x16.x2.net7                  2.08843e-07
x1.x2.x16.x2.net8                          1.8
x1.x2.x16.xc1.1                            0.9
x1.x2.x19.x1.d_n                           1.8
x1.x2.x19.net1                             0.9
x1.x2.x19.x1.net1                  2.67996e-07
x1.x2.x19.x1.net2                          1.8
x1.x2.x19.x1.x1.net3                   0.87366
x1.x2.x19.x1.x1.net5               4.05033e-07
x1.x2.x19.x1.x1.net4                       0.9
x1.x2.x19.x1.x1.net2                   0.87366
x1.x2.x19.x1.x1.net6                       1.8
x1.x2.x19.x1.x1.net1                       0.9
x1.x2.x19.x1.x1.net7               4.05033e-07
x1.x2.x19.x1.x1.net8                       1.8
x1.x2.x19.x1.net3                          1.8
x1.x2.x19.x1.net9                  2.43607e-07
x1.x2.x19.x1.x23.net1                 0.056899
x1.x2.x19.x1.x46.net4                      1.8
x1.x2.x19.x1.x46.net2                   1.5749
x1.x2.x19.x1.net4                  3.29725e-07
x1.x2.x19.x1.x4.net1               3.67144e-07
x1.x2.x19.x1.x5.net1                       1.8
x1.x2.x19.x1.x3.net3                       0.9
x1.x2.x19.x1.x3.net5                       1.8
x1.x2.x19.x1.x3.net4                       0.9
x1.x2.x19.x1.x3.net2                       0.9
x1.x2.x19.x1.x3.net6               2.84492e-07
x1.x2.x19.x1.x3.net1                       0.9
x1.x2.x19.x1.x3.net7                       1.8
x1.x2.x19.x1.x3.net8               2.84492e-07
x1.x2.x19.x1.net6                          1.8
x1.x2.x19.x1.net5                  2.84492e-07
x1.x2.x19.x1.net7                          1.8
x1.x2.x19.x1.x6.net1                       1.8
x1.x2.x19.x1.x7.net2                       1.8
x1.x2.x19.x1.x7.net3                       1.8
x1.x2.x19.x1.net8                  3.29726e-07
x1.x2.x19.x1.x9.net1               3.67146e-07
x1.x2.x19.x1.x10.net1                      1.8
x1.x2.x19.x2.net3                     0.956304
x1.x2.x19.x2.net5                  2.08843e-07
x1.x2.x19.x2.net4                          0.9
x1.x2.x19.x2.net2                     0.956304
x1.x2.x19.x2.net6                          1.8
x1.x2.x19.x2.net1                          0.9
x1.x2.x19.x2.net7                  2.08843e-07
x1.x2.x19.x2.net8                          1.8
x1.x2.x19.xc1.1                            0.9
x1.x2.x20.x1.d_n                           1.8
x1.x2.x20.net1                             0.9
x1.x2.x20.x1.net1                  2.67833e-07
x1.x2.x20.x1.net2                          1.8
x1.x2.x20.x1.x1.net3                   0.87366
x1.x2.x20.x1.x1.net5               4.05033e-07
x1.x2.x20.x1.x1.net4                       0.9
x1.x2.x20.x1.x1.net2                   0.87366
x1.x2.x20.x1.x1.net6                       1.8
x1.x2.x20.x1.x1.net1                       0.9
x1.x2.x20.x1.x1.net7               4.05033e-07
x1.x2.x20.x1.x1.net8                       1.8
x1.x2.x20.x1.net3                          1.8
x1.x2.x20.x1.net9                  2.43607e-07
x1.x2.x20.x1.x23.net1                0.0568991
x1.x2.x20.x1.x46.net4                      1.8
x1.x2.x20.x1.x46.net2                   1.5749
x1.x2.x20.x1.net4                  3.29725e-07
x1.x2.x20.x1.x4.net1               3.67144e-07
x1.x2.x20.x1.x5.net1                       1.8
x1.x2.x20.x1.x3.net3                       0.9
x1.x2.x20.x1.x3.net5                       1.8
x1.x2.x20.x1.x3.net4                       0.9
x1.x2.x20.x1.x3.net2                       0.9
x1.x2.x20.x1.x3.net6               2.76081e-07
x1.x2.x20.x1.x3.net1                       0.9
x1.x2.x20.x1.x3.net7                       1.8
x1.x2.x20.x1.x3.net8               2.76081e-07
x1.x2.x20.x1.net6                          1.8
x1.x2.x20.x1.net5                  2.76081e-07
x1.x2.x20.x1.net7                          1.8
x1.x2.x20.x1.x6.net1                       1.8
x1.x2.x20.x1.x7.net2                       1.8
x1.x2.x20.x1.x7.net3                       1.8
x1.x2.x20.x1.net8                  3.29726e-07
x1.x2.x20.x1.x9.net1               3.67146e-07
x1.x2.x20.x1.x10.net1                      1.8
x1.x2.x20.x2.net3                     0.956304
x1.x2.x20.x2.net5                  2.08843e-07
x1.x2.x20.x2.net4                          0.9
x1.x2.x20.x2.net2                     0.956304
x1.x2.x20.x2.net6                          1.8
x1.x2.x20.x2.net1                          0.9
x1.x2.x20.x2.net7                  2.08843e-07
x1.x2.x20.x2.net8                          1.8
x1.x2.x20.xc1.1                            0.9
x1.x2.x21.x1.d_n                           1.8
x1.x2.x21.net1                             0.9
x1.x2.x21.x1.net1                  2.72882e-07
x1.x2.x21.x1.net2                          1.8
x1.x2.x21.x1.x1.net3                   0.87366
x1.x2.x21.x1.x1.net5               4.05033e-07
x1.x2.x21.x1.x1.net4                       0.9
x1.x2.x21.x1.x1.net2                   0.87366
x1.x2.x21.x1.x1.net6                       1.8
x1.x2.x21.x1.x1.net1                       0.9
x1.x2.x21.x1.x1.net7               4.05033e-07
x1.x2.x21.x1.x1.net8                       1.8
x1.x2.x21.x1.net3                          1.8
x1.x2.x21.x1.net9                  2.43607e-07
x1.x2.x21.x1.x23.net1                0.0568987
x1.x2.x21.x1.x46.net4                      1.8
x1.x2.x21.x1.x46.net2                   1.5749
x1.x2.x21.x1.net4                  3.29725e-07
x1.x2.x21.x1.x4.net1               3.67144e-07
x1.x2.x21.x1.x5.net1                       1.8
x1.x2.x21.x1.x3.net3                       0.9
x1.x2.x21.x1.x3.net5                       1.8
x1.x2.x21.x1.x3.net4                       0.9
x1.x2.x21.x1.x3.net2                       0.9
x1.x2.x21.x1.x3.net6               5.36804e-07
x1.x2.x21.x1.x3.net1                       0.9
x1.x2.x21.x1.x3.net7                       1.8
x1.x2.x21.x1.x3.net8               5.36804e-07
x1.x2.x21.x1.net6                          1.8
x1.x2.x21.x1.net5                  5.36804e-07
x1.x2.x21.x1.net7                          1.8
x1.x2.x21.x1.x6.net1                       1.8
x1.x2.x21.x1.x7.net2                       1.8
x1.x2.x21.x1.x7.net3                       1.8
x1.x2.x21.x1.net8                  3.29726e-07
x1.x2.x21.x1.x9.net1               3.67146e-07
x1.x2.x21.x1.x10.net1                      1.8
x1.x2.x21.x2.net3                     0.952151
x1.x2.x21.x2.net5                  2.08843e-07
x1.x2.x21.x2.net4                          0.9
x1.x2.x21.x2.net2                     0.952151
x1.x2.x21.x2.net6                          1.8
x1.x2.x21.x2.net1                          0.9
x1.x2.x21.x2.net7                  2.08843e-07
x1.x2.x21.x2.net8                          1.8
x1.x2.vdacn2                          0.952151
x1.x2.x21.xc1.1                            0.9
x1.x2.x22.x1.d_n                           1.8
x1.x2.x22.net1                             0.9
x1.x2.x22.x1.net1                  2.70276e-07
x1.x2.x22.x1.net2                          1.8
x1.x2.x22.x1.x1.net3                   0.87366
x1.x2.x22.x1.x1.net5               4.05033e-07
x1.x2.x22.x1.x1.net4                       0.9
x1.x2.x22.x1.x1.net2                   0.87366
x1.x2.x22.x1.x1.net6                       1.8
x1.x2.x22.x1.x1.net1                       0.9
x1.x2.x22.x1.x1.net7               4.05033e-07
x1.x2.x22.x1.x1.net8                       1.8
x1.x2.x22.x1.net3                          1.8
x1.x2.x22.x1.net9                  2.43607e-07
x1.x2.x22.x1.x23.net1                0.0568989
x1.x2.x22.x1.x46.net4                      1.8
x1.x2.x22.x1.x46.net2                   1.5749
x1.x2.x22.x1.net4                  3.29725e-07
x1.x2.x22.x1.x4.net1               3.67144e-07
x1.x2.x22.x1.x5.net1                       1.8
x1.x2.x22.x1.x3.net3                       0.9
x1.x2.x22.x1.x3.net5                       1.8
x1.x2.x22.x1.x3.net4                       0.9
x1.x2.x22.x1.x3.net2                       0.9
x1.x2.x22.x1.x3.net6               4.02238e-07
x1.x2.x22.x1.x3.net1                       0.9
x1.x2.x22.x1.x3.net7                       1.8
x1.x2.x22.x1.x3.net8               4.02238e-07
x1.x2.x22.x1.net6                          1.8
x1.x2.x22.x1.net5                  4.02238e-07
x1.x2.x22.x1.net7                          1.8
x1.x2.x22.x1.x6.net1                       1.8
x1.x2.x22.x1.x7.net2                       1.8
x1.x2.x22.x1.x7.net3                       1.8
x1.x2.x22.x1.net8                  3.29726e-07
x1.x2.x22.x1.x9.net1               3.67146e-07
x1.x2.x22.x1.x10.net1                      1.8
x1.x2.x22.x2.net3                     0.952151
x1.x2.x22.x2.net5                  2.08843e-07
x1.x2.x22.x2.net4                          0.9
x1.x2.x22.x2.net2                     0.952151
x1.x2.x22.x2.net6                          1.8
x1.x2.x22.x2.net1                          0.9
x1.x2.x22.x2.net7                  2.08843e-07
x1.x2.x22.x2.net8                          1.8
x1.x2.x22.xc1.1                            0.9
x1.x2.x23.x1.d_n                           1.8
x1.x2.x23.net1                             0.9
x1.x2.x23.x1.net1                  2.68973e-07
x1.x2.x23.x1.net2                          1.8
x1.x2.x23.x1.x1.net3                   0.87366
x1.x2.x23.x1.x1.net5               4.05033e-07
x1.x2.x23.x1.x1.net4                       0.9
x1.x2.x23.x1.x1.net2                   0.87366
x1.x2.x23.x1.x1.net6                       1.8
x1.x2.x23.x1.x1.net1                       0.9
x1.x2.x23.x1.x1.net7               4.05033e-07
x1.x2.x23.x1.x1.net8                       1.8
x1.x2.x23.x1.net3                          1.8
x1.x2.x23.x1.net9                  2.43607e-07
x1.x2.x23.x1.x23.net1                 0.056899
x1.x2.x23.x1.x46.net4                      1.8
x1.x2.x23.x1.x46.net2                   1.5749
x1.x2.x23.x1.net4                  3.29725e-07
x1.x2.x23.x1.x4.net1               3.67144e-07
x1.x2.x23.x1.x5.net1                       1.8
x1.x2.x23.x1.x3.net3                       0.9
x1.x2.x23.x1.x3.net5                       1.8
x1.x2.x23.x1.x3.net4                       0.9
x1.x2.x23.x1.x3.net2                       0.9
x1.x2.x23.x1.x3.net6               3.34954e-07
x1.x2.x23.x1.x3.net1                       0.9
x1.x2.x23.x1.x3.net7                       1.8
x1.x2.x23.x1.x3.net8               3.34954e-07
x1.x2.x23.x1.net6                          1.8
x1.x2.x23.x1.net5                  3.34954e-07
x1.x2.x23.x1.net7                          1.8
x1.x2.x23.x1.x6.net1                       1.8
x1.x2.x23.x1.x7.net2                       1.8
x1.x2.x23.x1.x7.net3                       1.8
x1.x2.x23.x1.net8                  3.29726e-07
x1.x2.x23.x1.x9.net1               3.67146e-07
x1.x2.x23.x1.x10.net1                      1.8
x1.x2.x23.x2.net3                     0.952151
x1.x2.x23.x2.net5                  2.08843e-07
x1.x2.x23.x2.net4                          0.9
x1.x2.x23.x2.net2                     0.952151
x1.x2.x23.x2.net6                          1.8
x1.x2.x23.x2.net1                          0.9
x1.x2.x23.x2.net7                  2.08843e-07
x1.x2.x23.x2.net8                          1.8
x1.x2.x23.xc1.1                            0.9
x1.x2.x24.x1.d_n                           1.8
x1.x2.x24.net1                             0.9
x1.x2.x24.x1.net1                  2.68322e-07
x1.x2.x24.x1.net2                          1.8
x1.x2.x24.x1.x1.net3                   0.87366
x1.x2.x24.x1.x1.net5               4.05033e-07
x1.x2.x24.x1.x1.net4                       0.9
x1.x2.x24.x1.x1.net2                   0.87366
x1.x2.x24.x1.x1.net6                       1.8
x1.x2.x24.x1.x1.net1                       0.9
x1.x2.x24.x1.x1.net7               4.05033e-07
x1.x2.x24.x1.x1.net8                       1.8
x1.x2.x24.x1.net3                          1.8
x1.x2.x24.x1.net9                  2.43607e-07
x1.x2.x24.x1.x23.net1                 0.056899
x1.x2.x24.x1.x46.net4                      1.8
x1.x2.x24.x1.x46.net2                   1.5749
x1.x2.x24.x1.net4                  3.29725e-07
x1.x2.x24.x1.x4.net1               3.67144e-07
x1.x2.x24.x1.x5.net1                       1.8
x1.x2.x24.x1.x3.net3                       0.9
x1.x2.x24.x1.x3.net5                       1.8
x1.x2.x24.x1.x3.net4                       0.9
x1.x2.x24.x1.x3.net2                       0.9
x1.x2.x24.x1.x3.net6               3.01312e-07
x1.x2.x24.x1.x3.net1                       0.9
x1.x2.x24.x1.x3.net7                       1.8
x1.x2.x24.x1.x3.net8               3.01312e-07
x1.x2.x24.x1.net6                          1.8
x1.x2.x24.x1.net5                  3.01312e-07
x1.x2.x24.x1.net7                          1.8
x1.x2.x24.x1.x6.net1                       1.8
x1.x2.x24.x1.x7.net2                       1.8
x1.x2.x24.x1.x7.net3                       1.8
x1.x2.x24.x1.net8                  3.29726e-07
x1.x2.x24.x1.x9.net1               3.67146e-07
x1.x2.x24.x1.x10.net1                      1.8
x1.x2.x24.x2.net3                     0.952151
x1.x2.x24.x2.net5                  2.08843e-07
x1.x2.x24.x2.net4                          0.9
x1.x2.x24.x2.net2                     0.952151
x1.x2.x24.x2.net6                          1.8
x1.x2.x24.x2.net1                          0.9
x1.x2.x24.x2.net7                  2.08843e-07
x1.x2.x24.x2.net8                          1.8
x1.x2.x24.xc1.1                            0.9
x1.x2.x25.x1.d_n                           1.8
x1.x2.x25.net1                             0.9
x1.x2.x25.x1.net1                  2.67996e-07
x1.x2.x25.x1.net2                          1.8
x1.x2.x25.x1.x1.net3                   0.87366
x1.x2.x25.x1.x1.net5               4.05033e-07
x1.x2.x25.x1.x1.net4                       0.9
x1.x2.x25.x1.x1.net2                   0.87366
x1.x2.x25.x1.x1.net6                       1.8
x1.x2.x25.x1.x1.net1                       0.9
x1.x2.x25.x1.x1.net7               4.05033e-07
x1.x2.x25.x1.x1.net8                       1.8
x1.x2.x25.x1.net3                          1.8
x1.x2.x25.x1.net9                  2.43607e-07
x1.x2.x25.x1.x23.net1                 0.056899
x1.x2.x25.x1.x46.net4                      1.8
x1.x2.x25.x1.x46.net2                   1.5749
x1.x2.x25.x1.net4                  3.29725e-07
x1.x2.x25.x1.x4.net1               3.67144e-07
x1.x2.x25.x1.x5.net1                       1.8
x1.x2.x25.x1.x3.net3                       0.9
x1.x2.x25.x1.x3.net5                       1.8
x1.x2.x25.x1.x3.net4                       0.9
x1.x2.x25.x1.x3.net2                       0.9
x1.x2.x25.x1.x3.net6               2.84492e-07
x1.x2.x25.x1.x3.net1                       0.9
x1.x2.x25.x1.x3.net7                       1.8
x1.x2.x25.x1.x3.net8               2.84492e-07
x1.x2.x25.x1.net6                          1.8
x1.x2.x25.x1.net5                  2.84492e-07
x1.x2.x25.x1.net7                          1.8
x1.x2.x25.x1.x6.net1                       1.8
x1.x2.x25.x1.x7.net2                       1.8
x1.x2.x25.x1.x7.net3                       1.8
x1.x2.x25.x1.net8                  3.29726e-07
x1.x2.x25.x1.x9.net1               3.67146e-07
x1.x2.x25.x1.x10.net1                      1.8
x1.x2.x25.x2.net3                     0.952151
x1.x2.x25.x2.net5                  2.08843e-07
x1.x2.x25.x2.net4                          0.9
x1.x2.x25.x2.net2                     0.952151
x1.x2.x25.x2.net6                          1.8
x1.x2.x25.x2.net1                          0.9
x1.x2.x25.x2.net7                  2.08843e-07
x1.x2.x25.x2.net8                          1.8
x1.x2.x25.xc1.1                            0.9
x1.x2.x26.x1.d_n                           1.8
x1.x2.x26.net1                             0.9
x1.x2.x26.x1.net1                  2.67833e-07
x1.x2.x26.x1.net2                          1.8
x1.x2.x26.x1.x1.net3                   0.87366
x1.x2.x26.x1.x1.net5               4.05033e-07
x1.x2.x26.x1.x1.net4                       0.9
x1.x2.x26.x1.x1.net2                   0.87366
x1.x2.x26.x1.x1.net6                       1.8
x1.x2.x26.x1.x1.net1                       0.9
x1.x2.x26.x1.x1.net7               4.05033e-07
x1.x2.x26.x1.x1.net8                       1.8
x1.x2.x26.x1.net3                          1.8
x1.x2.x26.x1.net9                  2.43607e-07
x1.x2.x26.x1.x23.net1                0.0568991
x1.x2.x26.x1.x46.net4                      1.8
x1.x2.x26.x1.x46.net2                   1.5749
x1.x2.x26.x1.net4                  3.29725e-07
x1.x2.x26.x1.x4.net1               3.67144e-07
x1.x2.x26.x1.x5.net1                       1.8
x1.x2.x26.x1.x3.net3                       0.9
x1.x2.x26.x1.x3.net5                       1.8
x1.x2.x26.x1.x3.net4                       0.9
x1.x2.x26.x1.x3.net2                       0.9
x1.x2.x26.x1.x3.net6               2.76081e-07
x1.x2.x26.x1.x3.net1                       0.9
x1.x2.x26.x1.x3.net7                       1.8
x1.x2.x26.x1.x3.net8               2.76081e-07
x1.x2.x26.x1.net6                          1.8
x1.x2.x26.x1.net5                  2.76081e-07
x1.x2.x26.x1.net7                          1.8
x1.x2.x26.x1.x6.net1                       1.8
x1.x2.x26.x1.x7.net2                       1.8
x1.x2.x26.x1.x7.net3                       1.8
x1.x2.x26.x1.net8                  3.29726e-07
x1.x2.x26.x1.x9.net1               3.67146e-07
x1.x2.x26.x1.x10.net1                      1.8
x1.x2.x26.x2.net3                     0.952151
x1.x2.x26.x2.net5                  2.08843e-07
x1.x2.x26.x2.net4                          0.9
x1.x2.x26.x2.net2                     0.952151
x1.x2.x26.x2.net6                          1.8
x1.x2.x26.x2.net1                          0.9
x1.x2.x26.x2.net7                  2.08843e-07
x1.x2.x26.x2.net8                          1.8
x1.x2.x26.xc1.1                            0.9
x1.x2.net3                             1.79999
x1.x2.b_n_ctrl                     2.17563e-07
x1.x2.net4                         5.21869e-07
x1.x2.b_ctrl                               1.8
x1.x2.net5                         8.50485e-07
x1.x2.a_n_ctrl                             1.8
x1.x2.net6                             1.79999
x1.x2.a_ctrl                       2.17562e-07
x1.sample                          1.71662e-07
x1.x2.net2                         8.89295e-07
x1.x2.x38.net1                             1.8
x1.x2.net1                          1.5245e-07
x1.x2.x39.net1                        0.056768
x1.x2.net7                                 1.8
x1.x2.x42.net1                     5.50334e-07
x1.x2.net8                                 1.8
x1.x2.x43.net1                         1.74218
x1.x2.xc1.1                           0.956304
x1.x2.xc2.1                           0.956304
x1.x2.xc3.1                                0.9
x1.x2.xc4.1                                0.9
x1.x3.x1.net5                              1.8
x1.x3.x1.net1                       2.8138e-07
x1.x3.x1.net4                      1.68722e-07
x1.x3.x1.x1.x1.net1                        1.8
x1.x3.x1.x1.x1.net2                        1.8
x1.x3.x1.net2                              1.8
x1.x3.x1.x1.x2.net1                    1.74224
x1.x3.x1.x1.x2.net2                    1.74224
x1.x3.x1.x23.net4                          1.8
x1.x3.x1.net6                      2.13242e-07
x1.x3.x1.x23.net2                   1.1591e-07
x1.x3.x1.n_dec                             1.8
x1.x3.x1.x14.net4                  8.42922e-07
x1.x3.x1.x14.net2                  5.23397e-07
x1.x3.x1.x53.net12                 5.71961e-07
x1.x3.x1.x53.net2                          1.8
x1.x3.x1.x53.net5                  9.64157e-07
x1.x3.x1.x53.clkneg                        1.8
x1.x3.x1.x53.net11                 1.02119e-07
x1.x3.rst                                  1.8
x1.x3.x1.x53.db                            1.8
x1.x3.net1                         1.62082e-07
x1.x3.x1.x53.net10                 1.02119e-07
x1.x3.x1.x53.net6                          1.8
x1.x3.x1.x53.clkpos                2.08938e-07
x1.x3.x1.x53.net9                    0.0533543
x1.x3.x1.x53.net4                  2.30086e-07
x1.x3.x1.x53.net8                  9.21292e-08
x1.x3.x1.net3                      3.29725e-07
x1.x3.x1.x53.net1                          1.8
x1.x3.x1.x53.net3                     0.266195
x1.x3.x1.x53.net7                          1.8
x1.x3.x1.x2.net1                   3.67146e-07
x1.x3.x1.net7                              1.8
x1.x3.x1.x3.net1                           1.8
x1.x3.x1.net8                      6.22856e-07
x1.x3.x1.x4.net1                           1.8
x1.x3.x1.x5.net1                   1.93155e-07
x1.x3.x14.net5                             1.8
x1.x3.x14.net1                      2.8138e-07
x1.x3.x14.net4                     1.68722e-07
x1.x3.x14.x1.x1.net1                       1.8
x1.x3.x14.x1.x1.net2                       1.8
x1.x3.x14.net2                             1.8
x1.x3.x14.x1.x2.net1                   1.74224
x1.x3.x14.x1.x2.net2                   1.74224
x1.x3.x14.x23.net4                         1.8
x1.x3.x14.net6                     2.13242e-07
x1.x3.x14.x23.net2                  1.1591e-07
x1.x3.x14.n_dec                            1.8
x1.x3.x14.x14.net4                 8.42922e-07
x1.x3.x14.x14.net2                 5.23397e-07
x1.x3.x14.x53.net12                5.71961e-07
x1.x3.x14.x53.net2                         1.8
x1.x3.x14.x53.net5                 9.64157e-07
x1.x3.x14.x53.clkneg                       1.8
x1.x3.x14.x53.net11                1.02119e-07
x1.x3.x14.x53.db                           1.8
x1.x3.x14.x53.net10                1.02119e-07
x1.x3.x14.x53.net6                         1.8
x1.x3.x14.x53.clkpos               2.09377e-07
x1.x3.x14.x53.net9                   0.0533543
x1.x3.x14.x53.net4                 2.30086e-07
x1.x3.x14.x53.net8                 9.21292e-08
x1.x3.x14.net3                     3.29725e-07
x1.x3.x14.x53.net1                         1.8
x1.x3.x14.x53.net3                    0.266195
x1.x3.x14.x53.net7                         1.8
x1.x3.x14.x2.net1                  3.67146e-07
x1.x3.x14.net7                             1.8
x1.x3.x14.x3.net1                          1.8
x1.x3.x14.net8                     6.22856e-07
x1.x3.x14.x4.net1                          1.8
x1.x3.x14.x5.net1                  1.93155e-07
x1.x3.x15.net5                             1.8
x1.x3.x15.net1                      2.8138e-07
x1.x3.x15.net4                     1.68722e-07
x1.x3.x15.x1.x1.net1                       1.8
x1.x3.x15.x1.x1.net2                       1.8
x1.x3.x15.net2                             1.8
x1.x3.x15.x1.x2.net1                   1.74224
x1.x3.x15.x1.x2.net2                   1.74224
x1.x3.x15.x23.net4                         1.8
x1.x3.x15.net6                     2.13242e-07
x1.x3.x15.x23.net2                  1.1591e-07
x1.x3.x15.n_dec                            1.8
x1.x3.x15.x14.net4                 8.42922e-07
x1.x3.x15.x14.net2                 5.23397e-07
x1.x3.x15.x53.net12                5.71961e-07
x1.x3.x15.x53.net2                         1.8
x1.x3.x15.x53.net5                 9.64157e-07
x1.x3.x15.x53.clkneg                       1.8
x1.x3.x15.x53.net11                1.02119e-07
x1.x3.x15.x53.db                           1.8
x1.x3.x15.x53.net10                1.02119e-07
x1.x3.x15.x53.net6                         1.8
x1.x3.x15.x53.clkpos               2.10694e-07
x1.x3.x15.x53.net9                   0.0533543
x1.x3.x15.x53.net4                 2.30086e-07
x1.x3.x15.x53.net8                 9.21292e-08
x1.x3.x15.net3                     3.29725e-07
x1.x3.x15.x53.net1                         1.8
x1.x3.x15.x53.net3                    0.266195
x1.x3.x15.x53.net7                         1.8
x1.x3.x15.x2.net1                  3.67146e-07
x1.x3.x15.net7                             1.8
x1.x3.x15.x3.net1                          1.8
x1.x3.x15.net8                     6.22856e-07
x1.x3.x15.x4.net1                          1.8
x1.x3.x15.x5.net1                  1.93155e-07
x1.x3.x16.net5                             1.8
x1.x3.x16.net1                      2.8138e-07
x1.x3.x16.net4                     1.68722e-07
x1.x3.x16.x1.x1.net1                       1.8
x1.x3.x16.x1.x1.net2                       1.8
x1.x3.x16.net2                             1.8
x1.x3.x16.x1.x2.net1                   1.74224
x1.x3.x16.x1.x2.net2                   1.74224
x1.x3.x16.x23.net4                         1.8
x1.x3.x16.net6                     2.13242e-07
x1.x3.x16.x23.net2                  1.1591e-07
x1.x3.x16.n_dec                            1.8
x1.x3.x16.x14.net4                 8.42922e-07
x1.x3.x16.x14.net2                 5.23397e-07
x1.x3.x16.x53.net12                5.71961e-07
x1.x3.x16.x53.net2                         1.8
x1.x3.x16.x53.net5                 9.64157e-07
x1.x3.x16.x53.clkneg                       1.8
x1.x3.x16.x53.net11                1.02119e-07
x1.x3.x16.x53.db                           1.8
x1.x3.x16.x53.net10                1.02119e-07
x1.x3.x16.x53.net6                         1.8
x1.x3.x16.x53.clkpos               2.09377e-07
x1.x3.x16.x53.net9                   0.0533543
x1.x3.x16.x53.net4                 2.30086e-07
x1.x3.x16.x53.net8                 9.21292e-08
x1.x3.x16.net3                     3.29725e-07
x1.x3.x16.x53.net1                         1.8
x1.x3.x16.x53.net3                    0.266195
x1.x3.x16.x53.net7                         1.8
x1.x3.x16.x2.net1                  3.67146e-07
x1.x3.x16.net7                             1.8
x1.x3.x16.x3.net1                          1.8
x1.x3.x16.net8                     6.22856e-07
x1.x3.x16.x4.net1                          1.8
x1.x3.x16.x5.net1                  1.93155e-07
x1.x3.x17.net5                             1.8
x1.x3.x17.net1                      2.8138e-07
x1.x3.x17.net4                     1.68722e-07
x1.x3.x17.x1.x1.net1                       1.8
x1.x3.x17.x1.x1.net2                       1.8
x1.x3.x17.net2                             1.8
x1.x3.x17.x1.x2.net1                   1.74224
x1.x3.x17.x1.x2.net2                   1.74224
x1.x3.x17.x23.net4                         1.8
x1.x3.x17.net6                     2.13242e-07
x1.x3.x17.x23.net2                  1.1591e-07
x1.x3.x17.n_dec                            1.8
x1.x3.x17.x14.net4                 8.42922e-07
x1.x3.x17.x14.net2                 5.23397e-07
x1.x3.x17.x53.net12                5.71961e-07
x1.x3.x17.x53.net2                         1.8
x1.x3.x17.x53.net5                 9.64157e-07
x1.x3.x17.x53.clkneg                       1.8
x1.x3.x17.x53.net11                1.02119e-07
x1.x3.x17.x53.db                           1.8
x1.x3.x17.x53.net10                1.02119e-07
x1.x3.x17.x53.net6                         1.8
x1.x3.x17.x53.clkpos               2.09816e-07
x1.x3.x17.x53.net9                   0.0533543
x1.x3.x17.x53.net4                 2.30086e-07
x1.x3.x17.x53.net8                 9.21292e-08
x1.x3.x17.net3                     3.29725e-07
x1.x3.x17.x53.net1                         1.8
x1.x3.x17.x53.net3                    0.266195
x1.x3.x17.x53.net7                         1.8
x1.x3.x17.x2.net1                  3.67146e-07
x1.x3.x17.net7                             1.8
x1.x3.x17.x3.net1                          1.8
x1.x3.x17.net8                     6.22856e-07
x1.x3.x17.x4.net1                          1.8
x1.x3.x17.x5.net1                  1.93155e-07
x1.x3.x18.net5                             1.8
x1.x3.x18.net1                      2.8138e-07
x1.x3.x18.net4                     1.68722e-07
x1.x3.x18.x1.x1.net1                       1.8
x1.x3.x18.x1.x1.net2                       1.8
x1.x3.x18.net2                             1.8
x1.x3.x18.x1.x2.net1                   1.74224
x1.x3.x18.x1.x2.net2                   1.74224
x1.x3.x18.x23.net4                         1.8
x1.x3.x18.net6                     2.13242e-07
x1.x3.x18.x23.net2                  1.1591e-07
x1.x3.x18.n_dec                            1.8
x1.x3.x18.x14.net4                 8.42922e-07
x1.x3.x18.x14.net2                 5.23397e-07
x1.x3.x18.x53.net12                5.71961e-07
x1.x3.x18.x53.net2                         1.8
x1.x3.x18.x53.net5                 9.64157e-07
x1.x3.x18.x53.clkneg                       1.8
x1.x3.x18.x53.net11                1.02119e-07
x1.x3.x18.x53.db                           1.8
x1.x3.x18.x53.net10                1.02119e-07
x1.x3.x18.x53.net6                         1.8
x1.x3.x18.x53.clkpos               2.10694e-07
x1.x3.x18.x53.net9                   0.0533543
x1.x3.x18.x53.net4                 2.30086e-07
x1.x3.x18.x53.net8                 9.21292e-08
x1.x3.x18.net3                     3.29725e-07
x1.x3.x18.x53.net1                         1.8
x1.x3.x18.x53.net3                    0.266195
x1.x3.x18.x53.net7                         1.8
x1.x3.x18.x2.net1                  3.67146e-07
x1.x3.x18.net7                             1.8
x1.x3.x18.x3.net1                          1.8
x1.x3.x18.net8                     6.22856e-07
x1.x3.x18.x4.net1                          1.8
x1.x3.x18.x5.net1                  1.93155e-07
x1.x3.x19.net5                             1.8
x1.x3.x19.net1                      2.8138e-07
x1.x3.x19.net4                     1.68722e-07
x1.x3.x19.x1.x1.net1                       1.8
x1.x3.x19.x1.x1.net2                       1.8
x1.x3.x19.net2                             1.8
x1.x3.x19.x1.x2.net1                   1.74224
x1.x3.x19.x1.x2.net2                   1.74224
x1.x3.x19.x23.net4                         1.8
x1.x3.x19.net6                     2.13242e-07
x1.x3.x19.x23.net2                  1.1591e-07
x1.x3.x19.n_dec                            1.8
x1.x3.x19.x14.net4                 8.42922e-07
x1.x3.x19.x14.net2                 5.23397e-07
x1.x3.x19.x53.net12                5.71961e-07
x1.x3.x19.x53.net2                         1.8
x1.x3.x19.x53.net5                 9.64157e-07
x1.x3.x19.x53.clkneg                       1.8
x1.x3.x19.x53.net11                1.02119e-07
x1.x3.x19.x53.db                           1.8
x1.x3.x19.x53.net10                1.02119e-07
x1.x3.x19.x53.net6                         1.8
x1.x3.x19.x53.clkpos               2.09816e-07
x1.x3.x19.x53.net9                   0.0533543
x1.x3.x19.x53.net4                 2.30086e-07
x1.x3.x19.x53.net8                 9.21292e-08
x1.x3.x19.net3                     3.29725e-07
x1.x3.x19.x53.net1                         1.8
x1.x3.x19.x53.net3                    0.266195
x1.x3.x19.x53.net7                         1.8
x1.x3.x19.x2.net1                  3.67146e-07
x1.x3.x19.net7                             1.8
x1.x3.x19.x3.net1                          1.8
x1.x3.x19.net8                     6.22856e-07
x1.x3.x19.x4.net1                          1.8
x1.x3.x19.x5.net1                  1.93155e-07
x1.x3.x20.net5                             1.8
x1.x3.x20.net1                      2.8138e-07
x1.x3.x20.net4                     1.68722e-07
x1.x3.x20.x1.x1.net1                       1.8
x1.x3.x20.x1.x1.net2                       1.8
x1.x3.x20.net2                             1.8
x1.x3.x20.x1.x2.net1                   1.74224
x1.x3.x20.x1.x2.net2                   1.74224
x1.x3.x20.x23.net4                         1.8
x1.x3.x20.net6                     2.13242e-07
x1.x3.x20.x23.net2                  1.1591e-07
x1.x3.x20.n_dec                            1.8
x1.x3.x20.x14.net4                 8.42922e-07
x1.x3.x20.x14.net2                 5.23397e-07
x1.x3.x20.x53.net12                5.71961e-07
x1.x3.x20.x53.net2                         1.8
x1.x3.x20.x53.net5                 9.64157e-07
x1.x3.x20.x53.clkneg                       1.8
x1.x3.x20.x53.net11                1.02119e-07
x1.x3.x20.x53.db                           1.8
x1.x3.x20.x53.net10                1.02119e-07
x1.x3.x20.x53.net6                         1.8
x1.x3.x20.x53.clkpos               2.09816e-07
x1.x3.x20.x53.net9                   0.0533543
x1.x3.x20.x53.net4                 2.30086e-07
x1.x3.x20.x53.net8                 9.21292e-08
x1.x3.x20.net3                     3.29725e-07
x1.x3.x20.x53.net1                         1.8
x1.x3.x20.x53.net3                    0.266195
x1.x3.x20.x53.net7                         1.8
x1.x3.x20.x2.net1                  3.67146e-07
x1.x3.x20.net7                             1.8
x1.x3.x20.x3.net1                          1.8
x1.x3.x20.net8                     6.22856e-07
x1.x3.x20.x4.net1                          1.8
x1.x3.x20.x5.net1                  1.93155e-07
x1.x3.x21.net5                             1.8
x1.x3.x21.net1                      2.8138e-07
x1.x3.x21.net4                     1.68722e-07
x1.x3.x21.x1.x1.net1                       1.8
x1.x3.x21.x1.x1.net2                       1.8
x1.x3.x21.net2                             1.8
x1.x3.x21.x1.x2.net1                   1.74224
x1.x3.x21.x1.x2.net2                   1.74224
x1.x3.x21.x23.net4                         1.8
x1.x3.x21.net6                     2.13242e-07
x1.x3.x21.x23.net2                  1.1591e-07
x1.x3.x21.n_dec                            1.8
x1.x3.x21.x14.net4                 8.42922e-07
x1.x3.x21.x14.net2                 5.23397e-07
x1.x3.x21.x53.net12                5.71961e-07
x1.x3.x21.x53.net2                         1.8
x1.x3.x21.x53.net5                 9.64157e-07
x1.x3.x21.x53.clkneg                       1.8
x1.x3.x21.x53.net11                1.02119e-07
x1.x3.x21.x53.db                           1.8
x1.x3.x21.x53.net10                1.02119e-07
x1.x3.x21.x53.net6                         1.8
x1.x3.x21.x53.clkpos               2.10694e-07
x1.x3.x21.x53.net9                   0.0533543
x1.x3.x21.x53.net4                 2.30086e-07
x1.x3.x21.x53.net8                 9.21292e-08
x1.x3.x21.net3                     3.29725e-07
x1.x3.x21.x53.net1                         1.8
x1.x3.x21.x53.net3                    0.266195
x1.x3.x21.x53.net7                         1.8
x1.x3.x21.x2.net1                  3.67146e-07
x1.x3.x21.net7                             1.8
x1.x3.x21.x3.net1                          1.8
x1.x3.x21.net8                     6.22856e-07
x1.x3.x21.x4.net1                          1.8
x1.x3.x21.x5.net1                  1.93155e-07
x1.x3.x22.net5                             1.8
x1.x3.x22.net1                      2.8138e-07
x1.x3.x22.net4                     1.68722e-07
x1.x3.x22.x1.x1.net1                       1.8
x1.x3.x22.x1.x1.net2                       1.8
x1.x3.x22.net2                             1.8
x1.x3.x22.x1.x2.net1                   1.74224
x1.x3.x22.x1.x2.net2                   1.74224
x1.x3.x22.x23.net4                         1.8
x1.x3.x22.net6                     2.13242e-07
x1.x3.x22.x23.net2                  1.1591e-07
x1.x3.x22.n_dec                            1.8
x1.x3.x22.x14.net4                 8.42922e-07
x1.x3.x22.x14.net2                 5.23397e-07
x1.x3.x22.x53.net12                5.71961e-07
x1.x3.x22.x53.net2                         1.8
x1.x3.x22.x53.net5                 9.64157e-07
x1.x3.x22.x53.clkneg                       1.8
x1.x3.x22.x53.net11                1.02119e-07
x1.x3.x22.x53.db                           1.8
x1.x3.x22.x53.net10                1.02119e-07
x1.x3.x22.x53.net6                         1.8
x1.x3.x22.x53.clkpos               2.09816e-07
x1.x3.x22.x53.net9                   0.0533543
x1.x3.x22.x53.net4                 2.30086e-07
x1.x3.x22.x53.net8                 9.21292e-08
x1.x3.x22.net3                     3.29725e-07
x1.x3.x22.x53.net1                         1.8
x1.x3.x22.x53.net3                    0.266195
x1.x3.x22.x53.net7                         1.8
x1.x3.x22.x2.net1                  3.67146e-07
x1.x3.x22.net7                             1.8
x1.x3.x22.x3.net1                          1.8
x1.x3.x22.net8                     6.22856e-07
x1.x3.x22.x4.net1                          1.8
x1.x3.x22.x5.net1                  1.93155e-07
x1.x3.x23.net5                             1.8
x1.x3.x23.net1                      2.8138e-07
x1.x3.x23.net4                     1.68722e-07
x1.x3.x23.x1.x1.net1                       1.8
x1.x3.x23.x1.x1.net2                       1.8
x1.x3.x23.net2                             1.8
x1.x3.x23.x1.x2.net1                   1.74224
x1.x3.x23.x1.x2.net2                   1.74224
x1.x3.x23.x23.net4                         1.8
x1.x3.x23.net6                     2.13242e-07
x1.x3.x23.x23.net2                  1.1591e-07
x1.x3.x23.n_dec                            1.8
x1.x3.x23.x14.net4                 8.42922e-07
x1.x3.x23.x14.net2                 5.23397e-07
x1.x3.x23.x53.net12                5.71961e-07
x1.x3.x23.x53.net2                         1.8
x1.x3.x23.x53.net5                 9.64157e-07
x1.x3.x23.x53.clkneg                       1.8
x1.x3.x23.x53.net11                1.02119e-07
x1.x3.x23.x53.db                           1.8
x1.x3.x23.x53.net10                1.02119e-07
x1.x3.x23.x53.net6                         1.8
x1.x3.x23.x53.clkpos               2.09816e-07
x1.x3.x23.x53.net9                   0.0533543
x1.x3.x23.x53.net4                 2.30086e-07
x1.x3.x23.x53.net8                 9.21292e-08
x1.x3.x23.net3                     3.29725e-07
x1.x3.x23.x53.net1                         1.8
x1.x3.x23.x53.net3                    0.266195
x1.x3.x23.x53.net7                         1.8
x1.x3.x23.x2.net1                  3.67146e-07
x1.x3.x23.net7                             1.8
x1.x3.x23.x3.net1                          1.8
x1.x3.x23.net8                     6.22856e-07
x1.x3.x23.x4.net1                          1.8
x1.x3.x23.x5.net1                  1.93155e-07
x1.x3.x24.net5                             1.8
x1.x3.x24.net1                      2.8138e-07
x1.x3.x24.net4                     1.68722e-07
x1.x3.x24.x1.x1.net1                       1.8
x1.x3.x24.x1.x1.net2                       1.8
x1.x3.x24.net2                             1.8
x1.x3.x24.x1.x2.net1                   1.74224
x1.x3.x24.x1.x2.net2                   1.74224
x1.x3.x24.x23.net4                         1.8
x1.x3.x24.net6                     2.13242e-07
x1.x3.x24.x23.net2                  1.1591e-07
x1.x3.x24.n_dec                            1.8
x1.x3.x24.x14.net4                 8.42922e-07
x1.x3.x24.x14.net2                 5.23397e-07
x1.x3.x24.x53.net12                5.71961e-07
x1.x3.x24.x53.net2                         1.8
x1.x3.x24.x53.net5                 9.64157e-07
x1.x3.x24.x53.clkneg                       1.8
x1.x3.x24.x53.net11                1.02119e-07
x1.x3.x24.x53.db                           1.8
x1.x3.x24.x53.net10                1.02119e-07
x1.x3.x24.x53.net6                         1.8
x1.x3.x24.x53.clkpos               2.10694e-07
x1.x3.x24.x53.net9                   0.0533543
x1.x3.x24.x53.net4                 2.30086e-07
x1.x3.x24.x53.net8                 9.21292e-08
x1.x3.x24.net3                     3.29725e-07
x1.x3.x24.x53.net1                         1.8
x1.x3.x24.x53.net3                    0.266195
x1.x3.x24.x53.net7                         1.8
x1.x3.x24.x2.net1                  3.67146e-07
x1.x3.x24.net7                             1.8
x1.x3.x24.x3.net1                          1.8
x1.x3.x24.net8                     6.22856e-07
x1.x3.x24.x4.net1                          1.8
x1.x3.x24.x5.net1                  1.93155e-07
x1.x3.x4.net5                              1.8
x1.x3.x4.net1                       2.8138e-07
x1.x3.x4.net4                      1.68722e-07
x1.x3.x4.x1.x1.net1                        1.8
x1.x3.x4.x1.x1.net2                        1.8
x1.x3.x4.net2                              1.8
x1.x3.x4.x1.x2.net1                    1.74224
x1.x3.x4.x1.x2.net2                    1.74224
x1.x3.x4.x23.net4                          1.8
x1.x3.x4.net6                      2.13227e-07
x1.x3.x4.x23.net2                   1.1591e-07
x1.x3.x4.n_dec                             1.8
x1.x3.x4.x14.net4                  8.42888e-07
x1.x3.x4.x14.net2                  5.23382e-07
x1.x3.x4.x53.net12                 5.71961e-07
x1.x3.x4.x53.net2                          1.8
x1.x3.x4.x53.net5                  9.64157e-07
x1.x3.x4.x53.clkneg                        1.8
x1.x3.x4.x53.net11                 1.02119e-07
x1.x3.x4.x53.db                            1.8
x1.x3.x4.x53.net10                 1.02119e-07
x1.x3.x4.x53.net6                          1.8
x1.x3.x4.x53.clkpos                  2.085e-07
x1.x3.x4.x53.net9                    0.0533543
x1.x3.x4.x53.net4                  2.30086e-07
x1.x3.x4.x53.net8                  9.21292e-08
x1.x3.x4.net3                      3.29725e-07
x1.x3.x4.x53.net1                          1.8
x1.x3.x4.x53.net3                     0.266195
x1.x3.x4.x53.net7                          1.8
x1.x3.x4.x2.net1                   3.67146e-07
x1.x3.x4.net7                              1.8
x1.x3.x4.x3.net1                           1.8
x1.x3.x4.net8                      6.22856e-07
x1.x3.x4.x4.net1                           1.8
eoc                                1.60932e-07
x1.x3.x4.x5.net1                   1.93155e-07
x1.x3.net2                                 1.8
x1.x3.x6.net1                              1.8
rst                                          0
x1.x3.net3                         6.22856e-07
x1.x3.x7.net1                              1.8
x1.x3.x3.net5                              1.8
x1.x3.x3.net1                       2.8138e-07
x1.x3.x3.net4                      1.68722e-07
x1.x3.x3.x1.x1.net1                        1.8
x1.x3.x3.x1.x1.net2                        1.8
x1.x3.x3.net2                              1.8
x1.x3.x3.x1.x2.net1                    1.74224
x1.x3.x3.x1.x2.net2                    1.74224
x1.x3.x3.x23.net4                          1.8
x1.x3.x3.net6                      2.13242e-07
x1.x3.x3.x23.net2                   1.1591e-07
x1.x3.x3.n_dec                             1.8
x1.x3.x3.x14.net4                  8.42922e-07
x1.x3.x3.x14.net2                  5.23397e-07
x1.x3.x3.x53.net12                  6.8722e-07
x1.x3.x3.x53.net2                          1.8
x1.x3.x3.x53.net5                  1.19467e-06
x1.x3.x3.x53.clkneg                        1.8
x1.x3.x3.x53.net11                 1.02119e-07
x1.x3.x3.x53.db                    1.31548e-06
x1.x3.x3.x53.net10                 7.47621e-07
x1.x3.x3.x53.net6                  1.57817e-06
x1.x3.x3.x53.clkpos                1.95979e-07
x1.x3.x3.x53.net9                  3.59532e-07
x1.x3.x3.x53.net4                          1.8
x1.x3.x3.x53.net8                  2.69649e-07
x1.x3.x3.net3                      3.29725e-07
x1.x3.x3.x53.net1                          1.8
x1.x3.x3.x53.net3                     0.266195
x1.x3.x3.x53.net7                      1.74325
x1.x3.x3.x2.net1                   3.67146e-07
x1.x3.x3.net7                              1.8
x1.x3.x3.x3.net1                           1.8
x1.x3.x3.net8                      6.22856e-07
x1.x3.x3.x4.net1                           1.8
x1.x3.x3.x5.net1                   1.93155e-07
x1.x3.net4                                 1.8
x1.net2                            2.92841e-07
x1.x4.net3                                 1.8
x1.x4.net2                         3.11524e-07
x1.x4.net1                                 1.8
net1                                       0.9
v2#branch                          4.01233e-10
vin3#branch                       -1.60991e-10
vin2#branch                        2.90284e-10
v1#branch                         -0.000871497
vi#branch                          1.29293e-10
v.x1.v1#branch                    -7.96756e-09
v.x1.x2.x26.x2.vis1#branch        -1.91948e-12
v.x1.x2.x26.x2.vis2#branch         2.23655e-12
v.x1.x2.x26.x2.vid1#branch         4.38157e-13
v.x1.x2.x26.x2.vid2#branch        -4.38062e-13
v.x1.x2.x26.x2.vig2d#branch        -2.7464e-12
v.x1.x2.x26.x2.vig1d#branch        2.27462e-12
v.x1.x2.x26.x2.vig2#branch         8.94507e-13
v.x1.x2.x26.x2.vig1#branch         -7.9071e-13
v.x1.x2.x26.x1.x3.vis1#branch      -9.7843e-12
v.x1.x2.x26.x1.x3.vis2#branch     -2.24977e-12
v.x1.x2.x26.x1.x3.vid1#branch       5.5909e-12
v.x1.x2.x26.x1.x3.vid2#branch      1.85424e-11
v.x1.x2.x26.x1.x3.vig2d#branch     1.44951e-12
v.x1.x2.x26.x1.x3.vig1d#branch    -3.53597e-13
v.x1.x2.x26.x1.x3.vig2#branch     -1.79083e-11
v.x1.x2.x26.x1.x3.vig1#branch      4.54982e-12
v.x1.x2.x26.x1.x1.vis1#branch      -1.9194e-12
v.x1.x2.x26.x1.x1.vis2#branch       7.3933e-12
v.x1.x2.x26.x1.x1.vid1#branch      3.17757e-13
v.x1.x2.x26.x1.x1.vid2#branch     -1.59551e-12
v.x1.x2.x26.x1.x1.vig2d#branch    -8.95416e-12
v.x1.x2.x26.x1.x1.vig1d#branch      2.2749e-12
v.x1.x2.x26.x1.x1.vig2#branch      2.98539e-12
v.x1.x2.x26.x1.x1.vig1#branch     -6.70467e-13
v.x1.x2.x25.x2.vis1#branch        -3.83892e-12
v.x1.x2.x25.x2.vis2#branch         4.47316e-12
v.x1.x2.x25.x2.vid1#branch         8.76261e-13
v.x1.x2.x25.x2.vid2#branch        -8.76177e-13
v.x1.x2.x25.x2.vig2d#branch       -5.49281e-12
v.x1.x2.x25.x2.vig1d#branch        4.54981e-12
v.x1.x2.x25.x2.vig2#branch         1.78901e-12
v.x1.x2.x25.x2.vig1#branch        -1.58142e-12
v.x1.x2.x25.x1.x3.vis1#branch     -1.95687e-11
v.x1.x2.x25.x1.x3.vis2#branch     -4.49963e-12
v.x1.x2.x25.x1.x3.vid1#branch      1.11819e-11
v.x1.x2.x25.x1.x3.vid2#branch      3.70849e-11
v.x1.x2.x25.x1.x3.vig2d#branch     2.89924e-12
v.x1.x2.x25.x1.x3.vig1d#branch    -7.07195e-13
v.x1.x2.x25.x1.x3.vig2#branch     -3.58167e-11
v.x1.x2.x25.x1.x3.vig1#branch      9.09963e-12
v.x1.x2.x25.x1.x1.vis1#branch     -3.83883e-12
v.x1.x2.x25.x1.x1.vis2#branch      1.47866e-11
v.x1.x2.x25.x1.x1.vid1#branch      6.35539e-13
v.x1.x2.x25.x1.x1.vid2#branch       -3.191e-12
v.x1.x2.x25.x1.x1.vig2d#branch    -1.79083e-11
v.x1.x2.x25.x1.x1.vig1d#branch      4.5498e-12
v.x1.x2.x25.x1.x1.vig2#branch      5.97119e-12
v.x1.x2.x25.x1.x1.vig1#branch     -1.34093e-12
v.x1.x2.x24.x2.vis1#branch        -7.67778e-12
v.x1.x2.x24.x2.vis2#branch         8.94637e-12
v.x1.x2.x24.x2.vid1#branch         1.75247e-12
v.x1.x2.x24.x2.vid2#branch        -1.75241e-12
v.x1.x2.x24.x2.vig2d#branch       -1.09856e-11
v.x1.x2.x24.x2.vig1d#branch        9.09962e-12
v.x1.x2.x24.x2.vig2#branch         3.57803e-12
v.x1.x2.x24.x2.vig1#branch        -3.16284e-12
v.x1.x2.x24.x1.x3.vis1#branch     -3.91381e-11
v.x1.x2.x24.x1.x3.vis2#branch     -9.00022e-12
v.x1.x2.x24.x1.x3.vid1#branch      2.23645e-11
v.x1.x2.x24.x1.x3.vid2#branch      7.41708e-11
v.x1.x2.x24.x1.x3.vig2d#branch      5.7982e-12
v.x1.x2.x24.x1.x3.vig1d#branch    -1.41439e-12
v.x1.x2.x24.x1.x3.vig2#branch     -7.16333e-11
v.x1.x2.x24.x1.x3.vig1#branch      1.81992e-11
v.x1.x2.x24.x1.x1.vis1#branch     -7.67769e-12
v.x1.x2.x24.x1.x1.vis2#branch      2.95731e-11
v.x1.x2.x24.x1.x1.vid1#branch      1.27111e-12
v.x1.x2.x24.x1.x1.vid2#branch     -6.38197e-12
v.x1.x2.x24.x1.x1.vig2d#branch    -3.58167e-11
v.x1.x2.x24.x1.x1.vig1d#branch      9.0996e-12
v.x1.x2.x24.x1.x1.vig2#branch      1.19424e-11
v.x1.x2.x24.x1.x1.vig1#branch     -2.68187e-12
v.x1.x2.x23.x2.vis1#branch        -1.53555e-11
v.x1.x2.x23.x2.vis2#branch         1.78928e-11
v.x1.x2.x23.x2.vid1#branch         3.50489e-12
v.x1.x2.x23.x2.vid2#branch        -3.50486e-12
v.x1.x2.x23.x2.vig2d#branch       -2.19712e-11
v.x1.x2.x23.x2.vig1d#branch        1.81992e-11
v.x1.x2.x23.x2.vig2#branch         7.15592e-12
v.x1.x2.x23.x2.vig1#branch        -6.32568e-12
v.x1.x2.x23.x1.x3.vis1#branch     -7.82771e-11
v.x1.x2.x23.x1.x3.vis2#branch     -1.80014e-11
v.x1.x2.x23.x1.x3.vid1#branch      4.47298e-11
v.x1.x2.x23.x1.x3.vid2#branch      1.48343e-10
v.x1.x2.x23.x1.x3.vig2d#branch     1.15964e-11
v.x1.x2.x23.x1.x3.vig1d#branch    -2.82878e-12
v.x1.x2.x23.x1.x3.vig2#branch     -1.43267e-10
v.x1.x2.x23.x1.x3.vig1#branch      3.63986e-11
v.x1.x2.x23.x1.x1.vis1#branch     -1.53554e-11
v.x1.x2.x23.x1.x1.vis2#branch      5.91462e-11
v.x1.x2.x23.x1.x1.vid1#branch      2.54224e-12
v.x1.x2.x23.x1.x1.vid2#branch     -1.27639e-11
v.x1.x2.x23.x1.x1.vig2d#branch    -7.16333e-11
v.x1.x2.x23.x1.x1.vig1d#branch     1.81992e-11
v.x1.x2.x23.x1.x1.vig2#branch      2.38848e-11
v.x1.x2.x23.x1.x1.vig1#branch     -5.36373e-12
v.x1.x2.x22.x2.vis1#branch         -3.0711e-11
v.x1.x2.x22.x2.vis2#branch         3.57856e-11
v.x1.x2.x22.x2.vid1#branch         7.00972e-12
v.x1.x2.x22.x2.vid2#branch        -7.00978e-12
v.x1.x2.x22.x2.vig2d#branch       -4.39425e-11
v.x1.x2.x22.x2.vig1d#branch        3.63985e-11
v.x1.x2.x22.x2.vig2#branch         1.43118e-11
v.x1.x2.x22.x2.vig1#branch        -1.26514e-11
v.x1.x2.x22.x1.x3.vis1#branch     -1.56555e-10
v.x1.x2.x22.x1.x3.vis2#branch     -3.60038e-11
v.x1.x2.x22.x1.x3.vid1#branch      8.94604e-11
v.x1.x2.x22.x1.x3.vid2#branch      2.96686e-10
v.x1.x2.x22.x1.x3.vig2d#branch     2.31917e-11
v.x1.x2.x22.x1.x3.vig1d#branch    -5.65755e-12
v.x1.x2.x22.x1.x3.vig2#branch     -2.86533e-10
v.x1.x2.x22.x1.x3.vig1#branch       7.2797e-11
v.x1.x2.x22.x1.x1.vis1#branch     -3.07108e-11
v.x1.x2.x22.x1.x1.vis2#branch      1.18292e-10
v.x1.x2.x22.x1.x1.vid1#branch       5.0845e-12
v.x1.x2.x22.x1.x1.vid2#branch     -2.55278e-11
v.x1.x2.x22.x1.x1.vig2d#branch    -1.43267e-10
v.x1.x2.x22.x1.x1.vig1d#branch     3.63984e-11
v.x1.x2.x22.x1.x1.vig2#branch      4.77695e-11
v.x1.x2.x22.x1.x1.vig1#branch     -1.07275e-11
v.x1.x2.x21.x2.vis1#branch        -6.14219e-11
v.x1.x2.x21.x2.vis2#branch         7.15713e-11
v.x1.x2.x21.x2.vid1#branch         1.40194e-11
v.x1.x2.x21.x2.vid2#branch        -1.40196e-11
v.x1.x2.x21.x2.vig2d#branch       -8.78849e-11
v.x1.x2.x21.x2.vig1d#branch        7.27969e-11
v.x1.x2.x21.x2.vig2#branch         2.86237e-11
v.x1.x2.x21.x2.vig1#branch        -2.53027e-11
v.x1.x2.x21.x1.x3.vis1#branch      -3.1311e-10
v.x1.x2.x21.x1.x3.vis2#branch     -7.20086e-11
v.x1.x2.x21.x1.x3.vid1#branch      1.78922e-10
v.x1.x2.x21.x1.x3.vid2#branch      5.93373e-10
v.x1.x2.x21.x1.x3.vig2d#branch     4.63856e-11
v.x1.x2.x21.x1.x3.vig1d#branch    -1.13151e-11
v.x1.x2.x21.x1.x3.vig2#branch     -5.73066e-10
v.x1.x2.x21.x1.x3.vig1#branch      1.45594e-10
v.x1.x2.x21.x1.x1.vis1#branch     -6.14217e-11
v.x1.x2.x21.x1.x1.vis2#branch      2.36585e-10
v.x1.x2.x21.x1.x1.vid1#branch       1.0169e-11
v.x1.x2.x21.x1.x1.vid2#branch     -5.10556e-11
v.x1.x2.x21.x1.x1.vig2d#branch    -2.86533e-10
v.x1.x2.x21.x1.x1.vig1d#branch     7.27968e-11
v.x1.x2.x21.x1.x1.vig2#branch      9.55391e-11
v.x1.x2.x21.x1.x1.vig1#branch     -2.14549e-11
v.x1.x2.x20.x2.vis1#branch        -1.91949e-12
v.x1.x2.x20.x2.vis2#branch         2.23655e-12
v.x1.x2.x20.x2.vid1#branch         4.45482e-13
v.x1.x2.x20.x2.vid2#branch        -4.33986e-13
v.x1.x2.x20.x2.vig2d#branch        -2.7464e-12
v.x1.x2.x20.x2.vig1d#branch         2.2749e-12
v.x1.x2.x20.x2.vig2#branch          8.9051e-13
v.x1.x2.x20.x2.vig1#branch        -7.98026e-13
v.x1.x2.x20.x1.x3.vis1#branch     -9.78476e-12
v.x1.x2.x20.x1.x3.vis2#branch     -2.25033e-12
v.x1.x2.x20.x1.x3.vid1#branch      5.59136e-12
v.x1.x2.x20.x1.x3.vid2#branch       1.8543e-11
v.x1.x2.x20.x1.x3.vig2d#branch     1.44951e-12
v.x1.x2.x20.x1.x3.vig1d#branch    -3.53597e-13
v.x1.x2.x20.x1.x3.vig2#branch     -1.79083e-11
v.x1.x2.x20.x1.x3.vig1#branch      4.54982e-12
v.x1.x2.x20.x1.x1.vis1#branch      -1.9194e-12
v.x1.x2.x20.x1.x1.vis2#branch       7.3933e-12
v.x1.x2.x20.x1.x1.vid1#branch      3.17757e-13
v.x1.x2.x20.x1.x1.vid2#branch     -1.59551e-12
v.x1.x2.x20.x1.x1.vig2d#branch    -8.95416e-12
v.x1.x2.x20.x1.x1.vig1d#branch      2.2749e-12
v.x1.x2.x20.x1.x1.vig2#branch      2.98539e-12
v.x1.x2.x20.x1.x1.vig1#branch     -6.70467e-13
v.x1.x2.x19.x2.vis1#branch        -3.83892e-12
v.x1.x2.x19.x2.vis2#branch         4.47315e-12
v.x1.x2.x19.x2.vid1#branch         8.90908e-13
v.x1.x2.x19.x2.vid2#branch        -8.68028e-13
v.x1.x2.x19.x2.vig2d#branch       -5.49281e-12
v.x1.x2.x19.x2.vig1d#branch        4.54981e-12
v.x1.x2.x19.x2.vig2#branch         1.78102e-12
v.x1.x2.x19.x2.vig1#branch        -1.59605e-12
v.x1.x2.x19.x1.x3.vis1#branch     -1.95687e-11
v.x1.x2.x19.x1.x3.vis2#branch     -4.49963e-12
v.x1.x2.x19.x1.x3.vid1#branch      1.11819e-11
v.x1.x2.x19.x1.x3.vid2#branch      3.70849e-11
v.x1.x2.x19.x1.x3.vig2d#branch     2.89924e-12
v.x1.x2.x19.x1.x3.vig1d#branch    -7.07195e-13
v.x1.x2.x19.x1.x3.vig2#branch     -3.58167e-11
v.x1.x2.x19.x1.x3.vig1#branch      9.09963e-12
v.x1.x2.x19.x1.x1.vis1#branch     -3.83883e-12
v.x1.x2.x19.x1.x1.vis2#branch      1.47866e-11
v.x1.x2.x19.x1.x1.vid1#branch      6.35539e-13
v.x1.x2.x19.x1.x1.vid2#branch       -3.191e-12
v.x1.x2.x19.x1.x1.vig2d#branch    -1.79083e-11
v.x1.x2.x19.x1.x1.vig1d#branch      4.5498e-12
v.x1.x2.x19.x1.x1.vig2#branch      5.97119e-12
v.x1.x2.x19.x1.x1.vig1#branch     -1.34093e-12
v.x1.x2.x16.x2.vis1#branch        -7.67779e-12
v.x1.x2.x16.x2.vis2#branch         8.94636e-12
v.x1.x2.x16.x2.vid1#branch         1.78176e-12
v.x1.x2.x16.x2.vid2#branch        -1.73611e-12
v.x1.x2.x16.x2.vig2d#branch       -1.09856e-11
v.x1.x2.x16.x2.vig1d#branch        9.09962e-12
v.x1.x2.x16.x2.vig2#branch         3.56204e-12
v.x1.x2.x16.x2.vig1#branch        -3.19211e-12
v.x1.x2.x16.x1.x3.vis1#branch     -3.91381e-11
v.x1.x2.x16.x1.x3.vis2#branch     -9.00022e-12
v.x1.x2.x16.x1.x3.vid1#branch      2.23645e-11
v.x1.x2.x16.x1.x3.vid2#branch      7.41708e-11
v.x1.x2.x16.x1.x3.vig2d#branch     5.79793e-12
v.x1.x2.x16.x1.x3.vig1d#branch    -1.41439e-12
v.x1.x2.x16.x1.x3.vig2#branch     -7.16333e-11
v.x1.x2.x16.x1.x3.vig1#branch      1.81992e-11
v.x1.x2.x16.x1.x1.vis1#branch     -7.67769e-12
v.x1.x2.x16.x1.x1.vis2#branch      2.95731e-11
v.x1.x2.x16.x1.x1.vid1#branch      1.27111e-12
v.x1.x2.x16.x1.x1.vid2#branch     -6.38197e-12
v.x1.x2.x16.x1.x1.vig2d#branch    -3.58167e-11
v.x1.x2.x16.x1.x1.vig1d#branch      9.0996e-12
v.x1.x2.x16.x1.x1.vig2#branch      1.19424e-11
v.x1.x2.x16.x1.x1.vig1#branch     -2.68187e-12
v.x1.x2.x15.x2.vis1#branch        -1.53555e-11
v.x1.x2.x15.x2.vis2#branch         1.78928e-11
v.x1.x2.x15.x2.vid1#branch         3.56346e-12
v.x1.x2.x15.x2.vid2#branch        -3.47228e-12
v.x1.x2.x15.x2.vig2d#branch       -2.19712e-11
v.x1.x2.x15.x2.vig1d#branch        1.81992e-11
v.x1.x2.x15.x2.vig2#branch         7.12409e-12
v.x1.x2.x15.x2.vig1#branch        -6.38421e-12
v.x1.x2.x15.x1.x3.vis1#branch     -7.82771e-11
v.x1.x2.x15.x1.x3.vis2#branch     -1.80014e-11
v.x1.x2.x15.x1.x3.vid1#branch      4.47298e-11
v.x1.x2.x15.x1.x3.vid2#branch      1.48343e-10
v.x1.x2.x15.x1.x3.vig2d#branch     1.15964e-11
v.x1.x2.x15.x1.x3.vig1d#branch    -2.82878e-12
v.x1.x2.x15.x1.x3.vig2#branch     -1.43267e-10
v.x1.x2.x15.x1.x3.vig1#branch      3.63985e-11
v.x1.x2.x15.x1.x1.vis1#branch     -1.53554e-11
v.x1.x2.x15.x1.x1.vis2#branch      5.91462e-11
v.x1.x2.x15.x1.x1.vid1#branch      2.54224e-12
v.x1.x2.x15.x1.x1.vid2#branch     -1.27639e-11
v.x1.x2.x15.x1.x1.vig2d#branch    -7.16333e-11
v.x1.x2.x15.x1.x1.vig1d#branch     1.81992e-11
v.x1.x2.x15.x1.x1.vig2#branch      2.38848e-11
v.x1.x2.x15.x1.x1.vig1#branch     -5.36373e-12
v.x1.x2.x13.x2.vis1#branch         -3.0711e-11
v.x1.x2.x13.x2.vis2#branch         3.57856e-11
v.x1.x2.x13.x2.vid1#branch         7.12687e-12
v.x1.x2.x13.x2.vid2#branch        -6.94462e-12
v.x1.x2.x13.x2.vig2d#branch       -4.39425e-11
v.x1.x2.x13.x2.vig1d#branch        3.63985e-11
v.x1.x2.x13.x2.vig2#branch         1.42482e-11
v.x1.x2.x13.x2.vig1#branch        -1.27684e-11
v.x1.x2.x13.x1.x3.vis1#branch     -1.56555e-10
v.x1.x2.x13.x1.x3.vis2#branch     -3.60038e-11
v.x1.x2.x13.x1.x3.vid1#branch      8.94604e-11
v.x1.x2.x13.x1.x3.vid2#branch      2.96686e-10
v.x1.x2.x13.x1.x3.vig2d#branch     2.31928e-11
v.x1.x2.x13.x1.x3.vig1d#branch    -5.65755e-12
v.x1.x2.x13.x1.x3.vig2#branch     -2.86533e-10
v.x1.x2.x13.x1.x3.vig1#branch       7.2797e-11
v.x1.x2.x13.x1.x1.vis1#branch     -3.07108e-11
v.x1.x2.x13.x1.x1.vis2#branch      1.18292e-10
v.x1.x2.x13.x1.x1.vid1#branch       5.0845e-12
v.x1.x2.x13.x1.x1.vid2#branch     -2.55278e-11
v.x1.x2.x13.x1.x1.vig2d#branch    -1.43267e-10
v.x1.x2.x13.x1.x1.vig1d#branch     3.63984e-11
v.x1.x2.x13.x1.x1.vig2#branch      4.77695e-11
v.x1.x2.x13.x1.x1.vig1#branch     -1.07275e-11
v.x1.x2.x12.x2.vis1#branch        -1.91948e-12
v.x1.x2.x12.x2.vis2#branch         2.23655e-12
v.x1.x2.x12.x2.vid1#branch         4.38157e-13
v.x1.x2.x12.x2.vid2#branch        -4.38062e-13
v.x1.x2.x12.x2.vig2d#branch        -2.7464e-12
v.x1.x2.x12.x2.vig1d#branch         2.2749e-12
v.x1.x2.x12.x2.vig2#branch         8.94507e-13
v.x1.x2.x12.x2.vig1#branch         -7.9071e-13
v.x1.x2.x12.x1.x1.vis1#branch     -1.91946e-12
v.x1.x2.x12.x1.x1.vis2#branch      7.39325e-12
v.x1.x2.x12.x1.x1.vid1#branch      3.94886e-13
v.x1.x2.x12.x1.x1.vid2#branch     -1.42097e-12
v.x1.x2.x12.x1.x1.vig2d#branch    -8.95416e-12
v.x1.x2.x12.x1.x1.vig1d#branch      2.2749e-12
v.x1.x2.x12.x1.x1.vig2#branch      2.81664e-12
v.x1.x2.x12.x1.x1.vig1#branch     -7.47492e-13
v.x1.x2.x12.x1.x2.vis1#branch     -1.62221e-11
v.x1.x2.x12.x1.x2.vis2#branch     -1.01431e-11
v.x1.x2.x12.x1.x2.vid1#branch      1.20287e-11
v.x1.x2.x12.x1.x2.vid2#branch      2.64358e-11
v.x1.x2.x12.x1.x2.vig2d#branch     1.44951e-12
v.x1.x2.x12.x1.x2.vig1d#branch    -3.53597e-13
v.x1.x2.x12.x1.x2.vig2#branch     -1.79083e-11
v.x1.x2.x12.x1.x2.vig1#branch      4.54982e-12
v.x1.x2.x11.x2.vis1#branch        -3.83892e-12
v.x1.x2.x11.x2.vis2#branch         4.47316e-12
v.x1.x2.x11.x2.vid1#branch         8.76261e-13
v.x1.x2.x11.x2.vid2#branch        -8.76177e-13
v.x1.x2.x11.x2.vig2d#branch       -5.49281e-12
v.x1.x2.x11.x2.vig1d#branch        4.54981e-12
v.x1.x2.x11.x2.vig2#branch         1.78901e-12
v.x1.x2.x11.x2.vig1#branch        -1.58142e-12
v.x1.x2.x11.x1.x1.vis1#branch     -3.83889e-12
v.x1.x2.x11.x1.x1.vis2#branch      1.47865e-11
v.x1.x2.x11.x1.x1.vid1#branch      7.89745e-13
v.x1.x2.x11.x1.x1.vid2#branch     -2.84198e-12
v.x1.x2.x11.x1.x1.vig2d#branch    -1.79083e-11
v.x1.x2.x11.x1.x1.vig1d#branch      4.5498e-12
v.x1.x2.x11.x1.x1.vig2#branch      5.63353e-12
v.x1.x2.x11.x1.x1.vig1#branch     -1.49498e-12
v.x1.x2.x11.x1.x2.vis1#branch     -3.24451e-11
v.x1.x2.x11.x1.x2.vis2#branch     -2.02873e-11
v.x1.x2.x11.x1.x2.vid1#branch      2.40583e-11
v.x1.x2.x11.x1.x2.vid2#branch      5.28726e-11
v.x1.x2.x11.x1.x2.vig2d#branch     2.89924e-12
v.x1.x2.x11.x1.x2.vig1d#branch    -7.07195e-13
v.x1.x2.x11.x1.x2.vig2#branch     -3.58167e-11
v.x1.x2.x11.x1.x2.vig1#branch      9.09964e-12
v.x1.x2.x9.x2.vis1#branch         -7.67778e-12
v.x1.x2.x9.x2.vis2#branch          8.94637e-12
v.x1.x2.x9.x2.vid1#branch          1.75247e-12
v.x1.x2.x9.x2.vid2#branch         -1.75241e-12
v.x1.x2.x9.x2.vig2d#branch        -1.09856e-11
v.x1.x2.x9.x2.vig1d#branch         9.09962e-12
v.x1.x2.x9.x2.vig2#branch          3.57803e-12
v.x1.x2.x9.x2.vig1#branch         -3.16284e-12
v.x1.x2.x9.x1.x1.vis1#branch      -7.67774e-12
v.x1.x2.x9.x1.x1.vis2#branch       2.95731e-11
v.x1.x2.x9.x1.x1.vid1#branch       1.57946e-12
v.x1.x2.x9.x1.x1.vid2#branch      -5.68398e-12
v.x1.x2.x9.x1.x1.vig2d#branch     -3.58167e-11
v.x1.x2.x9.x1.x1.vig1d#branch       9.0996e-12
v.x1.x2.x9.x1.x1.vig2#branch       1.12671e-11
v.x1.x2.x9.x1.x1.vig1#branch      -2.98997e-12
v.x1.x2.x9.x1.x2.vis1#branch       -6.4891e-11
v.x1.x2.x9.x1.x2.vis2#branch      -4.05756e-11
v.x1.x2.x9.x1.x2.vid1#branch       4.81174e-11
v.x1.x2.x9.x1.x2.vid2#branch       1.05746e-10
v.x1.x2.x9.x1.x2.vig2d#branch      5.79847e-12
v.x1.x2.x9.x1.x2.vig1d#branch     -1.41439e-12
v.x1.x2.x9.x1.x2.vig2#branch      -7.16333e-11
v.x1.x2.x9.x1.x2.vig1#branch       1.81993e-11
v.x1.x2.x8.x2.vis1#branch         -1.53555e-11
v.x1.x2.x8.x2.vis2#branch          1.78928e-11
v.x1.x2.x8.x2.vid1#branch          3.50489e-12
v.x1.x2.x8.x2.vid2#branch         -3.50486e-12
v.x1.x2.x8.x2.vig2d#branch        -2.19712e-11
v.x1.x2.x8.x2.vig1d#branch         1.81992e-11
v.x1.x2.x8.x2.vig2#branch          7.15592e-12
v.x1.x2.x8.x2.vig1#branch         -6.32568e-12
v.x1.x2.x8.x1.x1.vis1#branch      -1.53555e-11
v.x1.x2.x8.x1.x1.vis2#branch       5.91461e-11
v.x1.x2.x8.x1.x1.vid1#branch        3.1589e-12
v.x1.x2.x8.x1.x1.vid2#branch       -1.1368e-11
v.x1.x2.x8.x1.x1.vig2d#branch     -7.16333e-11
v.x1.x2.x8.x1.x1.vig1d#branch      1.81992e-11
v.x1.x2.x8.x1.x1.vig2#branch       2.25341e-11
v.x1.x2.x8.x1.x1.vig1#branch      -5.97994e-12
v.x1.x2.x8.x1.x2.vis1#branch      -1.29783e-10
v.x1.x2.x8.x1.x2.vis2#branch      -8.11522e-11
v.x1.x2.x8.x1.x2.vid1#branch       9.62356e-11
v.x1.x2.x8.x1.x2.vid2#branch       2.11493e-10
v.x1.x2.x8.x1.x2.vig2d#branch      1.15969e-11
v.x1.x2.x8.x1.x2.vig1d#branch     -2.82878e-12
v.x1.x2.x8.x1.x2.vig2#branch      -1.43267e-10
v.x1.x2.x8.x1.x2.vig1#branch       3.63985e-11
v.x1.x2.x7.x2.vis1#branch          -3.0711e-11
v.x1.x2.x7.x2.vis2#branch          3.57856e-11
v.x1.x2.x7.x2.vid1#branch          7.00972e-12
v.x1.x2.x7.x2.vid2#branch         -7.00978e-12
v.x1.x2.x7.x2.vig2d#branch        -4.39425e-11
v.x1.x2.x7.x2.vig1d#branch         3.63985e-11
v.x1.x2.x7.x2.vig2#branch          1.43118e-11
v.x1.x2.x7.x2.vig1#branch         -1.26514e-11
v.x1.x2.x7.x1.x1.vis1#branch      -3.07109e-11
v.x1.x2.x7.x1.x1.vis2#branch       1.18292e-10
v.x1.x2.x7.x1.x1.vid1#branch       6.31778e-12
v.x1.x2.x7.x1.x1.vid2#branch       -2.2736e-11
v.x1.x2.x7.x1.x1.vig2d#branch     -1.43267e-10
v.x1.x2.x7.x1.x1.vig1d#branch      3.63984e-11
v.x1.x2.x7.x1.x1.vig2#branch       4.50682e-11
v.x1.x2.x7.x1.x1.vig1#branch      -1.19599e-11
v.x1.x2.x7.x1.x2.vis1#branch      -2.59567e-10
v.x1.x2.x7.x1.x2.vis2#branch      -1.62305e-10
v.x1.x2.x7.x1.x2.vid1#branch       1.92472e-10
v.x1.x2.x7.x1.x2.vid2#branch       4.22988e-10
v.x1.x2.x7.x1.x2.vig2d#branch      2.31928e-11
v.x1.x2.x7.x1.x2.vig1d#branch     -5.65755e-12
v.x1.x2.x7.x1.x2.vig2#branch      -2.86533e-10
v.x1.x2.x7.x1.x2.vig1#branch        7.2797e-11
v.x1.x2.x6.x2.vis1#branch         -6.14219e-11
v.x1.x2.x6.x2.vis2#branch          7.15713e-11
v.x1.x2.x6.x2.vid1#branch          1.40194e-11
v.x1.x2.x6.x2.vid2#branch         -1.40196e-11
v.x1.x2.x6.x2.vig2d#branch        -8.78849e-11
v.x1.x2.x6.x2.vig1d#branch         7.27969e-11
v.x1.x2.x6.x2.vig2#branch          2.86237e-11
v.x1.x2.x6.x2.vig1#branch         -2.53027e-11
v.x1.x2.x6.x1.x1.vis1#branch      -6.14218e-11
v.x1.x2.x6.x1.x1.vis2#branch       2.36585e-10
v.x1.x2.x6.x1.x1.vid1#branch       1.26355e-11
v.x1.x2.x6.x1.x1.vid2#branch       -4.5472e-11
v.x1.x2.x6.x1.x1.vig2d#branch     -2.86533e-10
v.x1.x2.x6.x1.x1.vig1d#branch      7.27968e-11
v.x1.x2.x6.x1.x1.vig2#branch       9.01365e-11
v.x1.x2.x6.x1.x1.vig1#branch      -2.39198e-11
v.x1.x2.x6.x1.x2.vis1#branch      -5.19134e-10
v.x1.x2.x6.x1.x2.vis2#branch      -3.24612e-10
v.x1.x2.x6.x1.x2.vid1#branch       3.84945e-10
v.x1.x2.x6.x1.x2.vid2#branch       8.45976e-10
v.x1.x2.x6.x1.x2.vig2d#branch      4.63856e-11
v.x1.x2.x6.x1.x2.vig1d#branch     -1.13151e-11
v.x1.x2.x6.x1.x2.vig2#branch      -5.73066e-10
v.x1.x2.x6.x1.x2.vig1#branch       1.45594e-10
v.x1.x2.x5.x2.vis1#branch         -1.91949e-12
v.x1.x2.x5.x2.vis2#branch          2.23655e-12
v.x1.x2.x5.x2.vid1#branch          4.45483e-13
v.x1.x2.x5.x2.vid2#branch         -4.33985e-13
v.x1.x2.x5.x2.vig2d#branch         -2.7464e-12
v.x1.x2.x5.x2.vig1d#branch          2.2749e-12
v.x1.x2.x5.x2.vig2#branch           8.9051e-13
v.x1.x2.x5.x2.vig1#branch         -7.98027e-13
v.x1.x2.x5.x1.x1.vis1#branch      -1.91946e-12
v.x1.x2.x5.x1.x1.vis2#branch       7.39325e-12
v.x1.x2.x5.x1.x1.vid1#branch       3.94886e-13
v.x1.x2.x5.x1.x1.vid2#branch      -1.42097e-12
v.x1.x2.x5.x1.x1.vig2d#branch     -8.95416e-12
v.x1.x2.x5.x1.x1.vig1d#branch       2.2749e-12
v.x1.x2.x5.x1.x1.vig2#branch       2.81664e-12
v.x1.x2.x5.x1.x1.vig1#branch      -7.47492e-13
v.x1.x2.x5.x1.x2.vis1#branch      -1.62221e-11
v.x1.x2.x5.x1.x2.vis2#branch      -1.01431e-11
v.x1.x2.x5.x1.x2.vid1#branch       1.20287e-11
v.x1.x2.x5.x1.x2.vid2#branch       2.64358e-11
v.x1.x2.x5.x1.x2.vig2d#branch      1.44951e-12
v.x1.x2.x5.x1.x2.vig1d#branch     -3.53597e-13
v.x1.x2.x5.x1.x2.vig2#branch      -1.79083e-11
v.x1.x2.x5.x1.x2.vig1#branch       4.54982e-12
v.x1.x2.x4.x2.vis1#branch         -3.83892e-12
v.x1.x2.x4.x2.vis2#branch          4.47315e-12
v.x1.x2.x4.x2.vid1#branch           8.9091e-13
v.x1.x2.x4.x2.vid2#branch         -8.68027e-13
v.x1.x2.x4.x2.vig2d#branch        -5.49281e-12
v.x1.x2.x4.x2.vig1d#branch         4.54981e-12
v.x1.x2.x4.x2.vig2#branch          1.78102e-12
v.x1.x2.x4.x2.vig1#branch         -1.59605e-12
v.x1.x2.x4.x1.x1.vis1#branch      -3.83888e-12
v.x1.x2.x4.x1.x1.vis2#branch       1.47865e-11
v.x1.x2.x4.x1.x1.vid1#branch       7.89745e-13
v.x1.x2.x4.x1.x1.vid2#branch      -2.84198e-12
v.x1.x2.x4.x1.x1.vig2d#branch     -1.79083e-11
v.x1.x2.x4.x1.x1.vig1d#branch       4.5498e-12
v.x1.x2.x4.x1.x1.vig2#branch       5.63353e-12
v.x1.x2.x4.x1.x1.vig1#branch      -1.49498e-12
v.x1.x2.x4.x1.x2.vis1#branch      -3.24451e-11
v.x1.x2.x4.x1.x2.vis2#branch      -2.02873e-11
v.x1.x2.x4.x1.x2.vid1#branch       2.40583e-11
v.x1.x2.x4.x1.x2.vid2#branch       5.28726e-11
v.x1.x2.x4.x1.x2.vig2d#branch      2.89924e-12
v.x1.x2.x4.x1.x2.vig1d#branch     -7.07195e-13
v.x1.x2.x4.x1.x2.vig2#branch      -3.58167e-11
v.x1.x2.x4.x1.x2.vig1#branch       9.09964e-12
v.x1.x2.x3.x2.vis1#branch         -7.67779e-12
v.x1.x2.x3.x2.vis2#branch          8.94636e-12
v.x1.x2.x3.x2.vid1#branch          1.78176e-12
v.x1.x2.x3.x2.vid2#branch         -1.73611e-12
v.x1.x2.x3.x2.vig2d#branch        -1.09856e-11
v.x1.x2.x3.x2.vig1d#branch         9.09962e-12
v.x1.x2.x3.x2.vig2#branch          3.56204e-12
v.x1.x2.x3.x2.vig1#branch         -3.19211e-12
v.x1.x2.x3.x1.x1.vis1#branch      -7.67774e-12
v.x1.x2.x3.x1.x1.vis2#branch       2.95731e-11
v.x1.x2.x3.x1.x1.vid1#branch       1.57946e-12
v.x1.x2.x3.x1.x1.vid2#branch      -5.68398e-12
v.x1.x2.x3.x1.x1.vig2d#branch     -3.58167e-11
v.x1.x2.x3.x1.x1.vig1d#branch       9.0996e-12
v.x1.x2.x3.x1.x1.vig2#branch       1.12671e-11
v.x1.x2.x3.x1.x1.vig1#branch      -2.98997e-12
v.x1.x2.x3.x1.x2.vis1#branch       -6.4891e-11
v.x1.x2.x3.x1.x2.vis2#branch      -4.05756e-11
v.x1.x2.x3.x1.x2.vid1#branch       4.81174e-11
v.x1.x2.x3.x1.x2.vid2#branch       1.05746e-10
v.x1.x2.x3.x1.x2.vig2d#branch       5.7982e-12
v.x1.x2.x3.x1.x2.vig1d#branch     -1.41439e-12
v.x1.x2.x3.x1.x2.vig2#branch      -7.16333e-11
v.x1.x2.x3.x1.x2.vig1#branch       1.81993e-11
v.x1.x2.x2.x2.vis1#branch         -1.53555e-11
v.x1.x2.x2.x2.vis2#branch          1.78928e-11
v.x1.x2.x2.x2.vid1#branch          3.56347e-12
v.x1.x2.x2.x2.vid2#branch         -3.47228e-12
v.x1.x2.x2.x2.vig2d#branch        -2.19712e-11
v.x1.x2.x2.x2.vig1d#branch         1.81992e-11
v.x1.x2.x2.x2.vig2#branch          7.12409e-12
v.x1.x2.x2.x2.vig1#branch         -6.38422e-12
v.x1.x2.x2.x1.x1.vis1#branch      -1.53555e-11
v.x1.x2.x2.x1.x1.vis2#branch       5.91461e-11
v.x1.x2.x2.x1.x1.vid1#branch        3.1589e-12
v.x1.x2.x2.x1.x1.vid2#branch       -1.1368e-11
v.x1.x2.x2.x1.x1.vig2d#branch     -7.16333e-11
v.x1.x2.x2.x1.x1.vig1d#branch      1.81992e-11
v.x1.x2.x2.x1.x1.vig2#branch       2.25341e-11
v.x1.x2.x2.x1.x1.vig1#branch      -5.97994e-12
v.x1.x2.x2.x1.x2.vis1#branch      -1.29783e-10
v.x1.x2.x2.x1.x2.vis2#branch      -8.11522e-11
v.x1.x2.x2.x1.x2.vid1#branch       9.62356e-11
v.x1.x2.x2.x1.x2.vid2#branch       2.11493e-10
v.x1.x2.x2.x1.x2.vig2d#branch      1.15964e-11
v.x1.x2.x2.x1.x2.vig1d#branch     -2.82878e-12
v.x1.x2.x2.x1.x2.vig2#branch      -1.43267e-10
v.x1.x2.x2.x1.x2.vig1#branch       3.63985e-11
v.x1.x2.x1.x2.vis1#branch          -3.0711e-11
v.x1.x2.x1.x2.vis2#branch          3.57856e-11
v.x1.x2.x1.x2.vid1#branch          7.12689e-12
v.x1.x2.x1.x2.vid2#branch         -6.94461e-12
v.x1.x2.x1.x2.vig2d#branch        -4.39425e-11
v.x1.x2.x1.x2.vig1d#branch         3.63985e-11
v.x1.x2.x1.x2.vig2#branch          1.42482e-11
v.x1.x2.x1.x2.vig1#branch         -1.27684e-11
v.x1.x2.x1.x1.x1.vis1#branch      -3.07109e-11
v.x1.x2.x1.x1.x1.vis2#branch       1.18292e-10
v.x1.x2.x1.x1.x1.vid1#branch       6.31778e-12
v.x1.x2.x1.x1.x1.vid2#branch       -2.2736e-11
v.x1.x2.x1.x1.x1.vig2d#branch     -1.43267e-10
v.x1.x2.x1.x1.x1.vig1d#branch      3.63984e-11
v.x1.x2.x1.x1.x1.vig2#branch       4.50682e-11
v.x1.x2.x1.x1.x1.vig1#branch      -1.19599e-11
v.x1.x2.x1.x1.x2.vis1#branch      -2.59567e-10
v.x1.x2.x1.x1.x2.vis2#branch      -1.62305e-10
v.x1.x2.x1.x1.x2.vid1#branch       1.92472e-10
v.x1.x2.x1.x1.x2.vid2#branch       4.22988e-10
v.x1.x2.x1.x1.x2.vig2d#branch      2.31939e-11
v.x1.x2.x1.x1.x2.vig1d#branch     -5.65755e-12
v.x1.x2.x1.x1.x2.vig2#branch      -2.86533e-10
v.x1.x2.x1.x1.x2.vig1#branch        7.2797e-11
v.x1.x2.x18.x2.vis1#branch        -6.14219e-11
v.x1.x2.x18.x2.vis2#branch         7.15713e-11
v.x1.x2.x18.x2.vid1#branch         1.42537e-11
v.x1.x2.x18.x2.vid2#branch        -1.38893e-11
v.x1.x2.x18.x2.vig2d#branch       -8.78849e-11
v.x1.x2.x18.x2.vig1d#branch        7.27969e-11
v.x1.x2.x18.x2.vig2#branch         2.84964e-11
v.x1.x2.x18.x2.vig1#branch        -2.55368e-11
v.x1.x2.x18.x1.x3.vis1#branch      -3.1311e-10
v.x1.x2.x18.x1.x3.vis2#branch     -7.20086e-11
v.x1.x2.x18.x1.x3.vid1#branch      1.78922e-10
v.x1.x2.x18.x1.x3.vid2#branch      5.93373e-10
v.x1.x2.x18.x1.x3.vig2d#branch     4.63856e-11
v.x1.x2.x18.x1.x3.vig1d#branch    -1.13151e-11
v.x1.x2.x18.x1.x3.vig2#branch     -5.73066e-10
v.x1.x2.x18.x1.x3.vig1#branch      1.45594e-10
v.x1.x2.x18.x1.x1.vis1#branch     -6.14217e-11
v.x1.x2.x18.x1.x1.vis2#branch      2.36585e-10
v.x1.x2.x18.x1.x1.vid1#branch       1.0169e-11
v.x1.x2.x18.x1.x1.vid2#branch     -5.10556e-11
v.x1.x2.x18.x1.x1.vig2d#branch    -2.86533e-10
v.x1.x2.x18.x1.x1.vig1d#branch     7.27968e-11
v.x1.x2.x18.x1.x1.vig2#branch      9.55391e-11
v.x1.x2.x18.x1.x1.vig1#branch     -2.14549e-11
v.x1.x2.x14.x2.vis1#branch        -6.14219e-11
v.x1.x2.x14.x2.vis2#branch         7.15713e-11
v.x1.x2.x14.x2.vid1#branch         1.42537e-11
v.x1.x2.x14.x2.vid2#branch        -1.38893e-11
v.x1.x2.x14.x2.vig2d#branch       -8.78849e-11
v.x1.x2.x14.x2.vig1d#branch        7.27969e-11
v.x1.x2.x14.x2.vig2#branch         2.84964e-11
v.x1.x2.x14.x2.vig1#branch        -2.55369e-11
v.x1.x2.x14.x1.x1.vis1#branch     -6.14218e-11
v.x1.x2.x14.x1.x1.vis2#branch      2.36585e-10
v.x1.x2.x14.x1.x1.vid1#branch      1.26355e-11
v.x1.x2.x14.x1.x1.vid2#branch      -4.5472e-11
v.x1.x2.x14.x1.x1.vig2d#branch    -2.86533e-10
v.x1.x2.x14.x1.x1.vig1d#branch     7.27968e-11
v.x1.x2.x14.x1.x1.vig2#branch      9.01365e-11
v.x1.x2.x14.x1.x1.vig1#branch     -2.39198e-11
v.x1.x2.x14.x1.x2.vis1#branch     -5.19134e-10
v.x1.x2.x14.x1.x2.vis2#branch     -3.24612e-10
v.x1.x2.x14.x1.x2.vid1#branch      3.84945e-10
v.x1.x2.x14.x1.x2.vid2#branch      8.45976e-10
v.x1.x2.x14.x1.x2.vig2d#branch     4.63856e-11
v.x1.x2.x14.x1.x2.vig1d#branch    -1.13151e-11
v.x1.x2.x14.x1.x2.vig2#branch     -5.73066e-10
v.x1.x2.x14.x1.x2.vig1#branch      1.45594e-10
v.x1.x1.v1#branch                 -4.36357e-11


No. of Data Rows : 63
EOC alcanzó 1.2V en t = 0 1E-13 2E-13 4E-13 8E-13 1.6E-12 3.2E-12 6.4E-12 1E-11 1.064E-11 1.192E-11 1.448E-11 1.96E-11 2.984E-11 4.984E-11 6.984E-11 8.984E-11 1.0984E-10 1.2984E-10 1.4984E-10 1.6984E-10 1.8984E-10 2.0984E-10 2.2984E-10 2.4984E-10 2.6984E-10 2.8984E-10 3.0984E-10 3.2984E-10 3.4984E-10 3.6984E-10 3.8984E-10 4.0984E-10 4.2984E-10 4.4984E-10 4.6984E-10 4.8984E-10 5.0984E-10 5.2984E-10 5.4984E-10 5.6984E-10 5.8984E-10 6.0984E-10 6.2984E-10 6.4984E-10 6.6984E-10 6.8984E-10 7.0984E-10 7.2984E-10 7.4984E-10 7.6984E-10 7.8984E-10 8.0984E-10 8.2984E-10 8.4984E-10 8.6984E-10 8.8984E-10 9.0984E-10 9.2984E-10 9.4984E-10 9.6984E-10 9.8984E-10 1E-09 s

Valores de las señales digitales:
=================================
Error: point: no such variable.
d0 = 1.8 1.8 1.8 1.8 1.8 1.8 1.8 1.8 1.8 1.8 1.8 1.8 1.8 1.8 1.8 1.8 1.8 1.8 1.8 1.8 1.8 1.8 1.8 1.8 1.8 1.8 1.8 1.8 1.8 1.79999 1.80011 1.79916 1.79945 1.81016 1.80582 0.471519 0.0222711 -0.00884854 -0.00371273 -0.0010356 -0.000153639 2.55882E-05 2.09211E-05 4.6319E-06 -1.01403E-07 -1.50738E-07 2.23597E-07 2.97727E-07 2.42615E-07 1.83565E-07 1.25539E-07 1.32897E-07 1.60017E-07 1.66831E-07 1.61897E-07 1.58898E-07 1.5976E-07 1.61803E-07 1.63433E-07 1.64489E-07 1.65228E-07 1.65833E-07 1.66108E-07 V | tee -a resultado_sim_punto.txt
d1 = 1.8 1.8 1.8 1.8 1.8 1.8 1.8 1.8 1.8 1.8 1.8 1.8 1.8 1.8 1.8 1.8 1.8 1.8 1.8 1.8 1.8 1.8 1.8 1.8 1.8 1.8 1.8 1.8 1.8 1.79999 1.80011 1.79916 1.79945 1.81016 1.80582 0.471519 0.0222715 -0.00884891 -0.00371277 -0.00103554 -0.000153621 2.55799E-05 2.09251E-05 4.63548E-06 -1.0326E-07 -1.48784E-07 2.26571E-07 2.97698E-07 2.37739E-07 1.77676E-07 1.30929E-07 1.40496E-07 1.60624E-07 1.63085E-07 1.59012E-07 1.58301E-07 1.6035E-07 1.62456E-07 1.63769E-07 1.64576E-07 1.65212E-07 1.65802E-07 1.66085E-07 V | tee -a resultado_sim_punto.txt
d2 = 1.8 1.8 1.8 1.8 1.8 1.8 1.8 1.8 1.8 1.8 1.8 1.8 1.8 1.8 1.8 1.8 1.8 1.8 1.8 1.8 1.8 1.8 1.8 1.8 1.8 1.8 1.8 1.8 1.8 1.79999 1.80011 1.79916 1.79945 1.81016 1.80582 0.471519 0.0222718 -0.0088493 -0.00371272 -0.00103546 -0.000153627 2.55802E-05 2.09238E-05 4.63334E-06 -1.04831E-07 -1.48508E-07 2.29271E-07 2.9771E-07 2.33819E-07 1.74289E-07 1.37405E-07 1.45282E-07 1.58392E-07 1.59465E-07 1.57905E-07 1.58969E-07 1.61128E-07 1.62758E-07 1.63761E-07 1.64503E-07 1.65171E-07 1.65793E-07 1.66086E-07 V | tee -a resultado_sim_punto.txt
d3 = 1.8 1.8 1.8 1.8 1.8 1.8 1.8 1.8 1.8 1.8 1.8 1.8 1.8 1.8 1.8 1.8 1.8 1.8 1.8 1.8 1.8 1.8 1.8 1.8 1.8 1.8 1.8 1.8 1.8 1.79999 1.80011 1.79916 1.79945 1.81016 1.80582 0.471518 0.0222721 -0.00884961 -0.00371261 -0.00103541 -0.000153662 2.55742E-05 2.09326E-05 4.63615E-06 -1.06971E-07 -1.49478E-07 2.30714E-07 2.97282E-07 2.31265E-07 1.72828E-07 1.42472E-07 1.47222E-07 1.55892E-07 1.57523E-07 1.57951E-07 1.59625E-07 1.6146E-07 1.62775E-07 1.63702E-07 1.64473E-07 1.6517E-07 1.65799E-07 1.6609E-07 V | tee -a resultado_sim_punto.txt
d4 = 1.8 1.8 1.8 1.8 1.8 1.8 1.8 1.8 1.8 1.8 1.8 1.8 1.8 1.8 1.8 1.8 1.8 1.8 1.8 1.8 1.8 1.8 1.8 1.8 1.8 1.8 1.8 1.8 1.8 1.79999 1.80011 1.79916 1.79945 1.81016 1.80582 0.471518 0.0222721 -0.00884974 -0.00371256 -0.00103541 -0.000153669 2.55819E-05 2.09342E-05 4.63391E-06 -1.08538E-07 -1.49202E-07 2.3192E-07 2.96871E-07 2.29774E-07 1.72218E-07 1.45586E-07 1.47808E-07 1.54256E-07 1.56695E-07 1.58172E-07 1.59966E-07 1.61569E-07 1.62758E-07 1.63678E-07 1.64467E-07 1.65171E-07 1.65801E-07 1.66091E-07 V | tee -a resultado_sim_punto.txt
d5 = 1.8 1.8 1.8 1.8 1.8 1.8 1.8 1.8 1.8 1.8 1.8 1.8 1.8 1.8 1.8 1.8 1.8 1.8 1.8 1.8 1.8 1.8 1.8 1.8 1.8 1.8 1.8 1.8 1.8 1.79999 1.80011 1.79916 1.79945 1.81016 1.80582 0.471518 0.0222722 -0.00884983 -0.00371254 -0.0010354 -0.000153668 2.55823E-05 2.09329E-05 4.63314E-06 -1.08763E-07 -1.48906E-07 2.32488E-07 2.96548E-07 2.2899E-07 1.71967E-07 1.47302E-07 1.47961E-07 1.53358E-07 1.56339E-07 1.58321E-07 1.60128E-07 1.61612E-07 1.62748E-07 1.63668E-07 1.64464E-07 1.65172E-07 1.65801E-07 1.66091E-07 V | tee -a resultado_sim_punto.txt
d6 = 1.8 1.8 1.8 1.8 1.8 1.8 1.8 1.8 1.8 1.8 1.8 1.8 1.8 1.8 1.8 1.8 1.8 1.8 1.8 1.8 1.8 1.8 1.8 1.8 1.8 1.8 1.8 1.8 1.8 1.79999 1.80011 1.79916 1.79945 1.81016 1.80582 0.471519 0.0222711 -0.00884854 -0.00371273 -0.0010356 -0.000153639 2.55883E-05 2.09211E-05 4.63185E-06 -1.0146E-07 -1.50732E-07 2.23763E-07 2.97921E-07 2.4208E-07 1.82858E-07 1.26314E-07 1.33597E-07 1.59908E-07 1.66444E-07 1.61705E-07 1.58905E-07 1.59822E-07 1.61844E-07 1.63448E-07 1.64491E-07 1.65226E-07 1.65831E-07 1.66108E-07 V | tee -a resultado_sim_punto.txt
d7 = 1.8 1.8 1.8 1.8 1.8 1.8 1.8 1.8 1.8 1.8 1.8 1.8 1.8 1.8 1.8 1.8 1.8 1.8 1.8 1.8 1.8 1.8 1.8 1.8 1.8 1.8 1.8 1.8 1.8 1.79999 1.80011 1.79916 1.79945 1.81016 1.80582 0.471519 0.0222715 -0.00884891 -0.00371277 -0.00103554 -0.000153621 2.55799E-05 2.0925E-05 4.63545E-06 -1.03292E-07 -1.48769E-07 2.26685E-07 2.97806E-07 2.37342E-07 1.77262E-07 1.31573E-07 1.40895E-07 1.60423E-07 1.62802E-07 1.58938E-07 1.58353E-07 1.60403E-07 1.62474E-07 1.63769E-07 1.64572E-07 1.6521E-07 1.65801E-07 1.66085E-07 V | tee -a resultado_sim_punto.txt
d8 = 1.8 1.8 1.8 1.8 1.8 1.8 1.8 1.8 1.8 1.8 1.8 1.8 1.8 1.8 1.8 1.8 1.8 1.8 1.8 1.8 1.8 1.8 1.8 1.8 1.8 1.8 1.8 1.8 1.8 1.79999 1.80011 1.79916 1.79945 1.81016 1.80582 0.471519 0.0222718 -0.0088493 -0.00371272 -0.00103546 -0.000153627 2.55802E-05 2.09237E-05 4.63332E-06 -1.04845E-07 -1.48495E-07 2.29339E-07 2.97763E-07 2.33567E-07 1.74078E-07 1.37842E-07 1.45461E-07 1.5822E-07 1.59313E-07 1.57895E-07 1.59011E-07 1.61153E-07 1.62761E-07 1.63758E-07 1.64501E-07 1.65171E-07 1.65794E-07 1.66086E-07 V | tee -a resultado_sim_punto.txt
d9 = 1.8 1.8 1.8 1.8 1.8 1.8 1.8 1.8 1.8 1.8 1.8 1.8 1.8 1.8 1.8 1.8 1.8 1.8 1.8 1.8 1.8 1.8 1.8 1.8 1.8 1.8 1.8 1.8 1.8 1.79999 1.80011 1.79916 1.79945 1.81016 1.80582 0.471518 0.0222721 -0.00884961 -0.00371261 -0.00103541 -0.000153662 2.55742E-05 2.09326E-05 4.63614E-06 -1.06977E-07 -1.4947E-07 2.30751E-07 2.97308E-07 2.31121E-07 1.72726E-07 1.42728E-07 1.47293E-07 1.55785E-07 1.57451E-07 1.57956E-07 1.59648E-07 1.6147E-07 1.62775E-07 1.63701E-07 1.64472E-07 1.6517E-07 1.65799E-07 1.6609E-07 V | tee -a resultado_sim_punto.txt
d10 = 1.8 1.8 1.8 1.8 1.8 1.8 1.8 1.8 1.8 1.8 1.8 1.8 1.8 1.8 1.8 1.8 1.8 1.8 1.8 1.8 1.8 1.8 1.8 1.8 1.8 1.8 1.8 1.8 1.8 1.79999 1.80011 1.79916 1.79945 1.81016 1.80582 0.471518 0.0222721 -0.00884974 -0.00371256 -0.00103541 -0.000153669 2.55819E-05 2.09342E-05 4.63391E-06 -1.08542E-07 -1.49198E-07 2.31939E-07 2.96884E-07 2.29698E-07 1.72169E-07 1.45724E-07 1.47837E-07 1.54198E-07 1.5666E-07 1.58177E-07 1.59977E-07 1.61574E-07 1.62758E-07 1.63677E-07 1.64466E-07 1.65171E-07 1.65801E-07 1.66091E-07 V | tee -a resultado_sim_punto.txt
d11 = 1.8 1.8 1.8 1.8 1.8 1.8 1.8 1.8 1.8 1.8 1.8 1.8 1.8 1.8 1.8 1.8 1.8 1.8 1.8 1.8 1.8 1.8 1.8 1.8 1.8 1.8 1.8 1.8 1.8 1.79999 1.80011 1.79916 1.79945 1.81016 1.80582 0.471518 0.0222722 -0.00884983 -0.00371254 -0.0010354 -0.000153668 2.55823E-05 2.09329E-05 4.63314E-06 -1.08765E-07 -1.48904E-07 2.32498E-07 2.96554E-07 2.2895E-07 1.71943E-07 1.47373E-07 1.47974E-07 1.53328E-07 1.56323E-07 1.58324E-07 1.60133E-07 1.61614E-07 1.62748E-07 1.63667E-07 1.64464E-07 1.65172E-07 1.65801E-07 1.66091E-07 V | tee -a resultado_sim_punto.txt

Resultados guardados en resultado_sim_punto.txt
ngspice-44.2 done
